CLIENTE,PRODUCTO,PRECIO,CANTIDAD,CIUDAD,VENDEDOR,FECHA,ESTADO,CATEGORIA;
Charita Gerleit,etc...,1268327,2,etc...,Oscar,12/06/2024,Pendiente,Accesorios;
Kimberlee Enrietto,etc...,1881758,9,Medellín,John,06/28/2024,Pendiente,etc...;
Guthry Glasman,Laptop,1171976,6,etc...,John,10/24/2024,Cerrado,Accesorios;
Denyse Cardus,Laptop,726112,3,Bogotá,John,04/07/2025,Cancelado,etc...;
Kory Morey,Celular,485288,3,Cali,Oscar,08/24/2024,Pendiente,Tecnología;
Alic Treweek,etc...,321295,7,Bogotá,Oscar,07/18/2024,Cerrado,Tecnología;
Maggi Rosingdall,Televisor,487405,7,Cali,John,07/31/2024,Cerrado,etc...;
Jillian Wissbey,Laptop,921952,9,Cali,Karen,03/05/2025,Pendiente,Electrodomésticos;
Sari Kimbell,Laptop,1017240,10,Medellín,John,05/22/2024,Cancelado,Accesorios;
Prudy Hastwall,Celular,592708,1,Medellín,Oscar,04/20/2025,Cancelado,etc...;
Shanda Iskowitz,Celular,1368376,6,Cali,Karen,04/29/2025,Cancelado,Accesorios;
Linea Esberger,Televisor,408080,1,Bogotá,Oscar,07/24/2024,Cerrado,Electrodomésticos;
Ramonda Teulier,Televisor,1592360,5,etc...,John,05/02/2025,Cerrado,Tecnología;
Denise Pipet,Laptop,450397,7,Cali,Karen,02/10/2025,Pendiente,Electrodomésticos;
Puff Cockshutt,etc...,1740241,2,etc...,Karen,03/09/2025,Pendiente,Accesorios;
Arluene Davley,Celular,2701038,8,Bogotá,Oscar,10/26/2024,Cerrado,Electrodomésticos;
Rhea McTurley,Televisor,2381538,7,etc...,John,05/18/2024,Cancelado,Tecnología;
Lorri Drakes,etc...,121181,7,Medellín,Oscar,02/13/2025,Cancelado,etc...;
Althea Mityushkin,Celular,924066,3,Bogotá,Oscar,08/03/2024,Cancelado,Tecnología;
Elonore Renoden,Televisor,2063368,10,etc...,John,07/06/2024,Cancelado,Electrodomésticos;
Ewen Beamand,Celular,1710480,5,Cali,Karen,08/15/2024,Cancelado,Tecnología;
Derk Corain,Laptop,1119147,4,Bogotá,Oscar,12/18/2024,Pendiente,Accesorios;
Alisa Puckinghorne,Celular,508059,6,Medellín,John,08/28/2024,Cancelado,Electrodomésticos;
Jessy Guillain,etc...,1246761,7,Cali,Karen,07/13/2024,Cerrado,Accesorios;
Ardys Lacknor,Celular,2037466,9,etc...,Oscar,12/06/2024,Pendiente,Accesorios;
Salome Blazewski,etc...,2039836,10,etc...,Karen,05/25/2024,Cancelado,Accesorios;
Rosemaria Leedal,etc...,1890021,1,Medellín,John,06/07/2024,Cerrado,etc...;
Hugues O'Kinneally,Televisor,830964,10,Cali,Oscar,07/14/2024,Cerrado,Tecnología;
Moshe Camus,etc...,252603,9,Cali,Karen,07/21/2024,Cancelado,Electrodomésticos;
Stinky Scanlon,Laptop,1258983,5,etc...,Karen,08/21/2024,Cerrado,Tecnología;
Harris Bricknell,etc...,2317041,8,Medellín,Oscar,09/29/2024,Pendiente,Tecnología;
Karlotta Gorrissen,Celular,1662697,10,Bogotá,Karen,03/09/2025,Pendiente,Tecnología;
Freeman Latchmore,Laptop,2208810,9,Cali,John,06/22/2024,Cancelado,Electrodomésticos;
Jillian Vasyukhin,Televisor,2822719,8,Medellín,Oscar,12/13/2024,Pendiente,Accesorios;
Dolli Blue,Laptop,1203033,4,Medellín,John,08/09/2024,Cancelado,Electrodomésticos;
Susette Pringuer,Celular,514856,8,Medellín,Karen,06/30/2024,Pendiente,etc...;
Fletcher Guiel,Laptop,2733862,10,etc...,Karen,04/10/2025,Cancelado,Tecnología;
Rik Duding,Laptop,2959427,4,Bogotá,Karen,02/09/2025,Cancelado,Electrodomésticos;
Foss Bunt,Celular,2749020,4,Bogotá,Oscar,07/18/2024,Pendiente,Tecnología;
Orville Troutbeck,etc...,1169700,5,Medellín,Karen,12/20/2024,Pendiente,Tecnología;
Gianna Jendrusch,Televisor,2322594,3,Medellín,Karen,03/09/2025,Cancelado,Electrodomésticos;
Sherline Raistrick,Celular,2505221,7,etc...,John,02/06/2025,Cerrado,Electrodomésticos;
Elena Bellon,Televisor,2626240,6,Cali,John,08/14/2024,Pendiente,etc...;
Rosy Roache,Celular,167773,5,Medellín,John,06/29/2024,Cancelado,etc...;
Roi Courtenay,Televisor,1611052,6,Medellín,Karen,10/12/2024,Pendiente,Electrodomésticos;
Rickey Loxley,Celular,388918,10,etc...,John,10/13/2024,Pendiente,Tecnología;
Ladonna Duckerin,etc...,2685276,6,Cali,Karen,11/14/2024,Pendiente,Tecnología;
Clementina Gammel,Televisor,2322890,1,etc...,Oscar,02/14/2025,Pendiente,Accesorios;
Ann Tomkin,Televisor,2250778,1,Medellín,Oscar,11/14/2024,Cancelado,Electrodomésticos;
Anthe Clipsham,Celular,1620052,10,Cali,Karen,01/24/2025,Pendiente,Electrodomésticos;
Harlen Masden,etc...,831416,9,Cali,Oscar,05/24/2024,Pendiente,Tecnología;
Malinda Casone,Celular,607261,2,Bogotá,Oscar,09/01/2024,Cerrado,Tecnología;
Hedwig Antcliffe,Laptop,1057297,5,Bogotá,Oscar,05/20/2024,Pendiente,Electrodomésticos;
Gal Dassindale,Celular,1318508,9,Bogotá,Oscar,08/22/2024,Pendiente,etc...;
Prentiss Jagoe,Celular,686537,1,Bogotá,Karen,11/24/2024,Cerrado,Tecnología;
Kattie Clemanceau,Televisor,1542683,9,Bogotá,Oscar,09/14/2024,Cerrado,etc...;
Hannie Southerden,Televisor,938517,2,etc...,John,12/02/2024,Pendiente,Accesorios;
Bambie Fredi,Celular,570447,4,Medellín,Karen,11/01/2024,Cancelado,etc...;
Adair Velareal,Laptop,715208,7,Medellín,Karen,09/27/2024,Cancelado,Accesorios;
Koralle Normabell,Televisor,1384312,1,Medellín,Karen,01/08/2025,Cerrado,Electrodomésticos;
Halli Gerge,etc...,957170,7,Bogotá,Oscar,10/03/2024,Pendiente,Tecnología;
Camilla Kobieriecki,Laptop,2632974,6,Bogotá,John,08/14/2024,Cerrado,Accesorios;
Magdaia Lofthouse,Celular,1320720,7,Cali,John,08/08/2024,Cerrado,Accesorios;
Aylmar McNamee,Laptop,695275,9,Medellín,Karen,06/21/2024,Cancelado,Tecnología;
Farlee Dancey,Televisor,1731974,10,Medellín,Karen,01/02/2025,Pendiente,Tecnología;
Darb Chatters,Laptop,1438152,3,Cali,John,05/10/2024,Cerrado,Electrodomésticos;
Olga Crocket,Laptop,2644889,7,Cali,Oscar,03/20/2025,Cancelado,Accesorios;
Peggy Atthowe,Televisor,1774766,2,Medellín,John,03/20/2025,Cerrado,Accesorios;
Estevan Lyosik,Laptop,1204165,1,Medellín,John,07/20/2024,Cancelado,Tecnología;
Burr de Guise,Laptop,2519518,9,Cali,Oscar,10/29/2024,Pendiente,Electrodomésticos;
Wittie Spir,Televisor,1985945,6,Cali,John,05/07/2025,Cerrado,etc...;
Rhianon Bottlestone,Televisor,2722936,9,Cali,Karen,04/14/2025,Pendiente,Tecnología;
Edyth D'Onise,Televisor,2074519,6,Bogotá,John,02/13/2025,Cerrado,etc...;
Davis Rouke,Laptop,1132423,9,Medellín,Oscar,09/09/2024,Pendiente,etc...;
Gorden Wishart,Televisor,2674880,2,etc...,Oscar,04/14/2025,Cancelado,Electrodomésticos;
Der Pluvier,Televisor,2998578,3,etc...,John,10/25/2024,Pendiente,etc...;
Cele Varian,Laptop,2374707,1,etc...,Karen,01/11/2025,Cancelado,etc...;
Layla Welling,Laptop,2620187,10,Cali,Karen,08/01/2024,Cerrado,Tecnología;
Maribeth Leythley,Celular,2224152,10,etc...,John,02/03/2025,Cancelado,etc...;
Christoforo Grioli,Laptop,1715022,9,Cali,John,06/09/2024,Pendiente,Tecnología;
Chiarra Karpov,Televisor,970964,6,Bogotá,John,08/17/2024,Cerrado,Electrodomésticos;
Gal Attiwill,Televisor,953759,4,Cali,Karen,03/17/2025,Cancelado,Accesorios;
Angelina Harnwell,Televisor,981161,2,Bogotá,Oscar,10/08/2024,Pendiente,etc...;
Auria McInteer,etc...,1381959,9,etc...,Karen,06/16/2024,Cerrado,Electrodomésticos;
Raimondo Ivanitsa,Laptop,235975,4,Medellín,Karen,05/23/2024,Cerrado,etc...;
Kristi D'Alessio,etc...,2482966,10,Bogotá,John,05/10/2024,Cancelado,Electrodomésticos;
Ludovika Mabe,Televisor,2123011,7,Medellín,Karen,05/08/2025,Cancelado,Electrodomésticos;
Grannie Eakeley,Celular,2152835,5,etc...,Oscar,01/13/2025,Pendiente,etc...;
Farley Vollam,Televisor,828538,7,Medellín,Oscar,03/19/2025,Cerrado,Tecnología;
Ivor Powell,Televisor,1306557,3,Medellín,John,05/23/2024,Cancelado,Tecnología;
Drona Ballsdon,Televisor,612861,9,Bogotá,Karen,10/04/2024,Pendiente,Tecnología;
Mignonne Ruddom,Televisor,150363,1,Bogotá,John,10/09/2024,Cancelado,Tecnología;
Godard Pafford,Celular,815974,1,etc...,Oscar,04/25/2025,Pendiente,Electrodomésticos;
Kevyn Grigs,Laptop,2429386,4,Cali,John,12/23/2024,Pendiente,Electrodomésticos;
Godfree McClinton,Televisor,1810882,2,Medellín,Oscar,02/22/2025,Cerrado,etc...;
Tore Bhatia,Celular,2650006,4,Cali,Oscar,11/09/2024,Pendiente,etc...;
Kippy Chelam,Celular,2248577,1,Medellín,Karen,04/25/2025,Pendiente,Electrodomésticos;
Wendie Rebillard,etc...,1422027,3,Cali,Karen,11/02/2024,Pendiente,Tecnología;
Grover Dimock,Laptop,1334135,7,etc...,Oscar,01/07/2025,Cancelado,Tecnología;
Carol Assel,Laptop,2079408,9,Medellín,Karen,03/24/2025,Pendiente,Accesorios;
Edith Dilon,etc...,1054590,5,etc...,Oscar,07/15/2024,Pendiente,Accesorios;
Beatrisa Adelman,Televisor,2149938,6,Cali,John,01/22/2025,Cerrado,Accesorios;
Maureen Podbury,Laptop,2920994,4,Bogotá,Oscar,08/19/2024,Cancelado,Electrodomésticos;
Alfi Fippe,Televisor,387188,7,Cali,John,10/14/2024,Pendiente,Tecnología;
Lyndell Roath,Televisor,2579669,10,etc...,Karen,04/10/2025,Cancelado,Tecnología;
Tomasine Wingatt,Laptop,201566,3,Medellín,Karen,01/15/2025,Pendiente,etc...;
Jackie Dabbs,Laptop,1852381,7,etc...,Oscar,09/23/2024,Cerrado,Tecnología;
Larisa Moorwood,Celular,2720291,4,etc...,John,06/14/2024,Cancelado,Tecnología;
Caesar Elderkin,Laptop,1193761,2,Cali,Karen,03/16/2025,Cerrado,Accesorios;
Orsa Khomin,Laptop,2868898,3,Medellín,Oscar,04/28/2025,Pendiente,Accesorios;
Melodie Greatbank,Celular,1382439,9,Bogotá,Karen,09/06/2024,Cancelado,Tecnología;
Charlotte Martschik,Televisor,849985,6,Cali,Karen,08/06/2024,Cerrado,Accesorios;
Audra Sheere,etc...,2088193,4,Cali,Oscar,05/11/2024,Cancelado,etc...;
Zackariah McAnulty,etc...,1766118,10,Medellín,Karen,02/06/2025,Cancelado,Tecnología;
Bevvy Belfrage,Celular,222999,10,Bogotá,John,04/16/2025,Pendiente,Tecnología;
Andie Trahear,Laptop,1718424,8,Bogotá,John,11/25/2024,Cerrado,Tecnología;
Davida Rowlinson,Laptop,743524,2,Cali,Oscar,05/03/2025,Cancelado,Tecnología;
Findley Tewelson,etc...,2834054,6,etc...,Oscar,09/10/2024,Cerrado,etc...;
Finley Stoffersen,Laptop,540074,10,Cali,Karen,04/12/2025,Cerrado,etc...;
Truda Mauchline,etc...,1289636,7,Bogotá,Karen,08/22/2024,Cerrado,Tecnología;
Micki Schorah,Televisor,591025,8,Medellín,Karen,01/13/2025,Cerrado,Electrodomésticos;
Husein Jee,Celular,2535062,7,etc...,John,11/25/2024,Cerrado,etc...;
Daren Summerbell,Televisor,145765,4,etc...,Oscar,02/06/2025,Cerrado,Accesorios;
Dian Keijser,Televisor,338885,5,Cali,John,07/07/2024,Cancelado,etc...;
Queenie Hammerstone,Laptop,197885,1,etc...,Karen,04/08/2025,Cerrado,Electrodomésticos;
Brod Keers,Laptop,2520236,3,etc...,Oscar,01/26/2025,Pendiente,Tecnología;
Ida Pithcock,Celular,1100829,4,Bogotá,John,11/05/2024,Pendiente,Electrodomésticos;
Shoshana Kleinfeld,Laptop,435956,2,etc...,Oscar,06/07/2024,Cerrado,Tecnología;
Goddart Gisby,Televisor,2938302,7,etc...,Karen,01/04/2025,Cerrado,etc...;
Pris Matyashev,Televisor,1125689,5,Cali,Oscar,10/10/2024,Pendiente,Electrodomésticos;
Bonnee McWhannel,Laptop,2935718,1,etc...,Oscar,01/18/2025,Pendiente,etc...;
Chantal Bretelle,Televisor,811822,5,Bogotá,Karen,02/19/2025,Pendiente,Accesorios;
Teirtza Weth,Laptop,142031,2,Bogotá,Karen,02/23/2025,Pendiente,etc...;
Killian Chevis,Celular,1307541,4,Medellín,Oscar,08/29/2024,Pendiente,Accesorios;
Hilton Sidnall,Laptop,1756685,7,Medellín,Karen,03/29/2025,Pendiente,etc...;
Dalenna Traviss,etc...,739946,7,Medellín,John,10/17/2024,Pendiente,Electrodomésticos;
Margalo Greydon,etc...,2080309,4,Medellín,Karen,03/02/2025,Cancelado,etc...;
Jodie Varley,Celular,558528,5,Medellín,Karen,05/17/2024,Pendiente,Accesorios;
Florenza Marchi,Televisor,328620,5,Medellín,John,09/04/2024,Pendiente,Accesorios;
Lyndsay McMurdo,Laptop,2986429,5,etc...,Oscar,09/28/2024,Pendiente,Accesorios;
Lorna Jore,etc...,1173995,5,Cali,Oscar,01/06/2025,Pendiente,Electrodomésticos;
Minetta Feasley,Laptop,397533,3,Medellín,Karen,05/16/2024,Cancelado,Tecnología;
Abbey Pegg,etc...,2944446,1,Medellín,Oscar,05/29/2024,Cancelado,etc...;
Thaddus Valente,Celular,998929,7,etc...,Oscar,11/30/2024,Pendiente,etc...;
Austina Petticrow,Celular,1146106,4,Cali,Karen,11/23/2024,Cancelado,etc...;
Hetty Willmore,etc...,1087380,3,Medellín,Karen,12/07/2024,Cerrado,Electrodomésticos;
Michal Mavin,Laptop,143506,9,Cali,Karen,08/04/2024,Pendiente,Accesorios;
Lina Caldairou,Celular,1734292,1,Medellín,Oscar,09/27/2024,Pendiente,etc...;
Rozamond Haggerston,etc...,545147,4,Bogotá,John,03/15/2025,Cerrado,etc...;
Ebenezer McFfaden,Laptop,1990717,2,etc...,John,04/22/2025,Pendiente,Accesorios;
Wilona Riggeard,Celular,2260335,4,Bogotá,Karen,08/08/2024,Pendiente,Tecnología;
Andre Libreros,etc...,1740371,9,etc...,Oscar,01/14/2025,Pendiente,Accesorios;
Belita Moatt,etc...,693923,5,Cali,Oscar,06/19/2024,Pendiente,Accesorios;
Shanda Ilett,Laptop,641960,2,Cali,Oscar,09/29/2024,Cancelado,Electrodomésticos;
Yankee Roux,etc...,951708,8,Medellín,John,08/11/2024,Pendiente,Accesorios;
Dorry Scudder,Laptop,1255731,3,Medellín,John,11/28/2024,Pendiente,Tecnología;
Rozele Penzer,Laptop,1182580,8,etc...,John,09/23/2024,Pendiente,etc...;
Kelly Coudray,Televisor,2247049,10,Bogotá,John,10/15/2024,Cerrado,Accesorios;
Eugenio Culter,Televisor,2618386,10,etc...,Oscar,03/30/2025,Cancelado,Tecnología;
Fayina Vamplus,Celular,1074807,10,Bogotá,John,04/17/2025,Cancelado,Tecnología;
Ryon Emmanuele,Laptop,1620871,2,Bogotá,John,04/04/2025,Cancelado,etc...;
Virgie Edgars,etc...,1124211,7,Medellín,Karen,04/25/2025,Cerrado,Tecnología;
Ferdy Spawell,etc...,545193,7,etc...,Oscar,03/22/2025,Cerrado,Accesorios;
Grethel Regorz,Televisor,2890175,3,Medellín,Karen,02/12/2025,Pendiente,Electrodomésticos;
Ally O'Crevy,Laptop,2754635,5,Medellín,John,02/19/2025,Cancelado,Accesorios;
Leontine Colliber,etc...,1273714,1,Medellín,Karen,12/20/2024,Cerrado,Tecnología;
Yevette Fydo,Televisor,1350888,10,Medellín,John,06/25/2024,Cerrado,Tecnología;
Karen Harcombe,etc...,2054575,3,Medellín,John,01/08/2025,Cancelado,Accesorios;
Junette Plomer,Celular,109996,1,Medellín,Karen,06/26/2024,Cancelado,Electrodomésticos;
Moses Zelley,Televisor,2892843,5,Cali,John,09/28/2024,Cerrado,Tecnología;
Cortie Goodding,Televisor,779202,2,etc...,Oscar,12/28/2024,Pendiente,Tecnología;
Magdaia Pummell,Laptop,2615176,7,Medellín,Karen,06/21/2024,Cerrado,Accesorios;
Aryn Malan,etc...,1459949,1,Cali,Oscar,11/21/2024,Cancelado,Accesorios;
Celia Slocket,Celular,1408277,1,Bogotá,Karen,04/08/2025,Cancelado,Accesorios;
Corbie Naden,Celular,507251,1,etc...,John,11/21/2024,Pendiente,Electrodomésticos;
Halie Klainman,etc...,2556919,5,Bogotá,Karen,07/09/2024,Cancelado,Electrodomésticos;
Eunice Byass,Laptop,652844,4,Medellín,Oscar,03/17/2025,Pendiente,etc...;
Kylila Densumbe,Laptop,1039723,7,Cali,Karen,09/18/2024,Cancelado,etc...;
Aube Stewart,Celular,1181975,2,Bogotá,John,06/11/2024,Pendiente,etc...;
Cully Ventura,Celular,1105077,2,Medellín,Karen,03/19/2025,Cancelado,etc...;
Lynnea Kerbey,Laptop,2607340,7,etc...,Oscar,06/08/2024,Cancelado,etc...;
Dagmar Sucre,Televisor,2328636,8,etc...,Oscar,07/15/2024,Cerrado,Electrodomésticos;
Nahum Stoaks,Televisor,2649592,5,Bogotá,Karen,03/15/2025,Cancelado,Tecnología;
Monte Kinrade,Celular,2717629,5,Bogotá,Karen,01/02/2025,Cancelado,Accesorios;
Marthe Bradane,Televisor,2033077,6,Medellín,Oscar,09/07/2024,Cancelado,Electrodomésticos;
Rianon Kildale,etc...,2203517,3,Bogotá,Karen,03/27/2025,Cancelado,etc...;
Marlane Tugman,Laptop,1541583,6,Bogotá,John,08/16/2024,Cancelado,Tecnología;
Kanya Barge,etc...,738127,1,Medellín,Karen,04/25/2025,Cancelado,Electrodomésticos;
Gal Phayre,Televisor,1236861,2,Bogotá,Oscar,06/27/2024,Cancelado,Electrodomésticos;
Sullivan Pearman,Televisor,348933,5,Medellín,John,05/28/2024,Cerrado,Electrodomésticos;
Cliff Gloyens,Televisor,1199624,7,Cali,Karen,10/17/2024,Pendiente,etc...;
Cal Seden,Televisor,2507556,8,Cali,Karen,06/29/2024,Cerrado,Tecnología;
Monro Mault,Laptop,399423,8,Bogotá,John,12/08/2024,Cancelado,Accesorios;
Tim Backes,Celular,2142711,4,Cali,Oscar,12/01/2024,Cancelado,Accesorios;
Shelly Boyle,Televisor,2091733,1,Cali,Karen,08/10/2024,Cerrado,Accesorios;
Mord Simonelli,Laptop,350356,4,Cali,Karen,04/09/2025,Pendiente,etc...;
Jeremiah Fitzroy,Laptop,348886,2,Cali,John,09/07/2024,Cancelado,Electrodomésticos;
Shoshana Tredgold,Laptop,2344637,7,etc...,Oscar,07/30/2024,Pendiente,etc...;
Lynnelle Tayt,Televisor,336880,2,Medellín,John,08/26/2024,Pendiente,Tecnología;
Gilbert Nibley,Televisor,2333051,3,Medellín,Karen,07/17/2024,Pendiente,Accesorios;
Cordie De Michele,Laptop,2579852,3,etc...,John,09/10/2024,Pendiente,etc...;
Yorke Swett,Televisor,1590149,4,Medellín,Karen,04/03/2025,Pendiente,etc...;
Dinah Birkhead,Laptop,839753,3,Medellín,Oscar,03/13/2025,Cerrado,Accesorios;
Minetta Gehrtz,Laptop,1794713,8,etc...,Karen,11/24/2024,Cancelado,Accesorios;
Olva Lidgard,etc...,2409097,4,etc...,John,01/14/2025,Cancelado,Tecnología;
Marie-jeanne Cullinan,Televisor,2757064,8,etc...,Oscar,09/30/2024,Pendiente,etc...;
Aura Gurney,Celular,2236297,6,Medellín,Karen,02/18/2025,Cancelado,Tecnología;
Courtnay Wessel,etc...,1306963,3,etc...,Oscar,08/24/2024,Cerrado,Accesorios;
Junette Gavrielly,Televisor,2948576,3,etc...,John,10/03/2024,Cancelado,etc...;
Marni Gayler,Celular,284325,4,etc...,Oscar,10/03/2024,Pendiente,Tecnología;
Lon Nattrass,Televisor,471777,9,Medellín,Karen,11/01/2024,Pendiente,Electrodomésticos;
Albie Bannester,etc...,1918265,9,etc...,Karen,09/19/2024,Pendiente,etc...;
Nat Barstow,Laptop,1407977,10,Medellín,Karen,03/15/2025,Pendiente,Accesorios;
Dyane Sadat,Laptop,1057035,2,Cali,John,10/13/2024,Pendiente,Tecnología;
Isac Tyne,Televisor,161955,2,Cali,Karen,11/16/2024,Cancelado,Accesorios;
Anneliese Coggings,Televisor,149877,10,etc...,Oscar,12/21/2024,Pendiente,etc...;
Ingrid Sergean,Televisor,2854220,9,Cali,Karen,11/19/2024,Cerrado,Tecnología;
Any Hemshall,Celular,1227589,8,Cali,Karen,05/07/2025,Cancelado,Tecnología;
Sherye Paler,Televisor,2444952,8,Cali,Oscar,06/29/2024,Cancelado,Tecnología;
Ethan Bertie,Televisor,2603903,2,Medellín,John,05/16/2024,Cancelado,Accesorios;
Seka Eastop,Televisor,1381109,10,Medellín,Karen,07/24/2024,Cerrado,Electrodomésticos;
Jillayne Algate,etc...,1678519,3,Bogotá,Oscar,05/03/2025,Cancelado,Electrodomésticos;
Janessa Stolli,Celular,2791502,1,Medellín,John,05/26/2024,Cancelado,Tecnología;
Diego Crolla,Televisor,2632433,9,Medellín,Oscar,12/18/2024,Cerrado,etc...;
Linell Thaller,Celular,2509707,6,Medellín,Karen,03/27/2025,Cerrado,Tecnología;
Dion Burchard,Celular,948954,5,Cali,John,01/20/2025,Cerrado,etc...;
Stirling Darrigone,Televisor,1055684,3,Bogotá,John,11/21/2024,Pendiente,Electrodomésticos;
Myrilla McIlroy,Laptop,997827,7,etc...,Oscar,09/22/2024,Cancelado,Accesorios;
Joleen Enevold,Celular,1040746,8,Medellín,Oscar,06/19/2024,Cancelado,Electrodomésticos;
Blancha Petracchi,Televisor,2988993,1,etc...,John,08/22/2024,Cancelado,Tecnología;
Nert Bamford,Celular,107138,2,Bogotá,Oscar,02/16/2025,Cerrado,Electrodomésticos;
Tera Mowat,etc...,725949,10,Medellín,John,02/18/2025,Cancelado,Electrodomésticos;
Gideon Perello,Celular,1230931,4,Cali,John,11/19/2024,Cerrado,Tecnología;
Denver Fautley,Celular,459616,3,Medellín,Karen,08/24/2024,Cancelado,etc...;
Miller Audenis,etc...,665166,10,Medellín,John,08/03/2024,Pendiente,Electrodomésticos;
Correy Erickson,Televisor,1883068,9,Bogotá,Oscar,06/14/2024,Cerrado,Accesorios;
Enrica Bedbury,Celular,261088,5,Bogotá,John,12/11/2024,Cerrado,etc...;
Rich Pohlak,etc...,1325091,8,etc...,Karen,03/25/2025,Cerrado,Tecnología;
Lisbeth Scotchmur,Celular,2447546,9,Medellín,Karen,08/18/2024,Pendiente,Electrodomésticos;
Falito Braniff,etc...,1922065,7,Medellín,John,05/23/2024,Pendiente,Tecnología;
Stephan Yanin,etc...,2926876,10,Cali,John,05/07/2024,Cerrado,Accesorios;
Sibley Bishop,Laptop,605960,8,etc...,Karen,05/06/2025,Cancelado,Accesorios;
Ardene Dearing,etc...,998254,4,etc...,Karen,01/02/2025,Pendiente,Tecnología;
Cynthie Tinan,Laptop,2148774,1,Cali,Oscar,01/11/2025,Pendiente,etc...;
Odetta Flemyng,Laptop,1706074,3,Bogotá,Oscar,09/10/2024,Cancelado,etc...;
Ninette McCleverty,Laptop,2622799,10,Medellín,John,04/19/2025,Cancelado,Tecnología;
Brent Piche,Televisor,1754609,4,etc...,John,10/13/2024,Cerrado,etc...;
Kiley Shorie,Celular,1942846,5,Bogotá,John,03/21/2025,Pendiente,Electrodomésticos;
Clair Mathey,Televisor,2028695,5,Bogotá,Oscar,07/19/2024,Pendiente,Accesorios;
Augustus Godier,Celular,2673467,1,etc...,John,04/16/2025,Cancelado,Accesorios;
Ester Gaine of England,etc...,2852611,8,etc...,John,03/30/2025,Cancelado,Tecnología;
Antonin Volks,Celular,2998543,10,Bogotá,John,03/14/2025,Cerrado,etc...;
Leroi Drake,Televisor,2030064,5,Medellín,Oscar,12/02/2024,Pendiente,etc...;
Julina Guy,Celular,2026784,6,Bogotá,John,09/17/2024,Pendiente,etc...;
Alayne Upcott,Televisor,2497305,7,etc...,Oscar,10/29/2024,Pendiente,Tecnología;
Carlye Harmston,Laptop,455288,2,etc...,Oscar,08/01/2024,Pendiente,etc...;
Burch Guerra,Laptop,889297,8,Bogotá,Karen,07/23/2024,Cancelado,Accesorios;
Jenn Halversen,Laptop,2791130,7,Cali,John,09/19/2024,Cancelado,Accesorios;
Stephana Schnieder,Televisor,1941726,10,Cali,Karen,09/03/2024,Pendiente,Accesorios;
Major Battle,Televisor,1526431,2,Medellín,Oscar,04/27/2025,Pendiente,Tecnología;
Bern Brendeke,Celular,1041643,2,Cali,Karen,11/08/2024,Cancelado,Accesorios;
Rem Petkovic,Televisor,2756501,9,Cali,John,09/20/2024,Pendiente,Accesorios;
Jessey Cluitt,Laptop,2867751,7,etc...,John,10/29/2024,Pendiente,Tecnología;
Powell Isherwood,Televisor,2916204,6,etc...,Oscar,03/26/2025,Cerrado,etc...;
Pippy Ibbitt,Laptop,2162147,6,Medellín,Karen,06/18/2024,Pendiente,Accesorios;
Merci Jelly,Laptop,1176899,1,etc...,Oscar,05/14/2024,Cerrado,Tecnología;
Koenraad O'Lyhane,Celular,2720699,7,Cali,Karen,01/27/2025,Cerrado,Accesorios;
Paxton Tyrone,Laptop,1688189,1,Cali,Karen,07/03/2024,Pendiente,etc...;
Kaiser Elcott,etc...,1386071,1,etc...,Oscar,06/16/2024,Cerrado,Accesorios;
Lay Micka,Celular,1082781,9,Cali,Oscar,10/04/2024,Pendiente,Tecnología;
Goldie Spurgin,Laptop,1027985,2,Cali,Karen,03/23/2025,Cancelado,Electrodomésticos;
Julian Lillywhite,etc...,1703340,1,etc...,Oscar,08/26/2024,Cerrado,Accesorios;
Anthe Chable,Celular,2147221,1,Cali,John,03/12/2025,Cerrado,Electrodomésticos;
Keith Danilovitch,Laptop,1399221,8,etc...,Karen,03/15/2025,Pendiente,Tecnología;
Krishnah Ruscoe,etc...,2114153,3,Bogotá,Oscar,01/19/2025,Pendiente,Accesorios;
Idaline Spitaro,Televisor,1657342,2,Bogotá,John,05/09/2025,Cerrado,etc...;
Perle Brownsea,Celular,856980,7,Medellín,Oscar,01/02/2025,Cerrado,Electrodomésticos;
Etty Prevost,Laptop,1775529,3,etc...,Karen,06/24/2024,Pendiente,Tecnología;
Katrina Dibbert,etc...,1121690,3,Bogotá,Karen,08/29/2024,Cerrado,Tecnología;
Talbot Matissoff,Laptop,2009494,2,Cali,Oscar,05/09/2024,Cancelado,Tecnología;
Inessa Mazin,Laptop,151086,3,Cali,Karen,01/17/2025,Cancelado,etc...;
Milka Crackel,Laptop,2532390,10,Bogotá,Oscar,05/19/2024,Pendiente,Electrodomésticos;
Bonnee Grandin,Laptop,2261185,5,Medellín,John,12/09/2024,Cerrado,Electrodomésticos;
Liana Emslie,Laptop,2534380,1,Cali,John,11/14/2024,Pendiente,Accesorios;
Joanne Matuszkiewicz,Televisor,2685576,5,Bogotá,Oscar,06/05/2024,Cancelado,Electrodomésticos;
Sigismundo Magrane,Celular,1646032,2,Bogotá,John,09/23/2024,Pendiente,Electrodomésticos;
Aldo McEachern,Televisor,716174,7,etc...,Oscar,06/25/2024,Cancelado,etc...;
Lizzy Gorman,Televisor,2654482,5,Cali,John,04/14/2025,Cancelado,Accesorios;
Almeta Unthank,Televisor,240821,5,Cali,Karen,05/28/2024,Cerrado,Electrodomésticos;
Ailina Jannaway,Celular,246931,4,Cali,Karen,03/01/2025,Cerrado,Tecnología;
Grantham Dun,etc...,2947598,3,Medellín,John,07/09/2024,Cerrado,Accesorios;
Lyndsay Barendtsen,etc...,2716431,2,etc...,John,09/08/2024,Cerrado,Accesorios;
Gabi Hinkens,Televisor,1794513,5,Cali,Karen,12/16/2024,Cancelado,Accesorios;
Ebonee Bovingdon,Celular,2299095,7,Medellín,Oscar,01/30/2025,Pendiente,Accesorios;
Ludovico Terris,Televisor,2347139,5,Cali,Karen,06/02/2024,Cancelado,Electrodomésticos;
Ginni Zaczek,Celular,230696,9,etc...,Oscar,12/14/2024,Cerrado,etc...;
Dennison Hyland,Televisor,2644192,5,Cali,Karen,09/29/2024,Pendiente,etc...;
Odette Rizzardi,etc...,2317442,2,etc...,Oscar,12/04/2024,Cerrado,etc...;
Neil Stollenberg,Televisor,1060277,3,Bogotá,John,02/15/2025,Cerrado,Accesorios;
Querida MacLese,Laptop,1780157,3,Medellín,Karen,07/22/2024,Cerrado,etc...;
Wilburt Eversfield,Laptop,2141739,1,Cali,John,07/20/2024,Pendiente,Accesorios;
Querida Kimmerling,Celular,1452395,7,Medellín,John,01/07/2025,Pendiente,Accesorios;
Nadean Forbear,Laptop,1541263,1,etc...,Oscar,11/01/2024,Pendiente,Tecnología;
Giavani Lawlan,Celular,2427881,9,Cali,Karen,02/18/2025,Cerrado,Accesorios;
Lurline Pitrollo,Laptop,443203,2,etc...,John,06/12/2024,Cancelado,Tecnología;
Lennie Wallentin,Laptop,2520265,2,Bogotá,John,05/19/2024,Pendiente,Tecnología;
Conn Paaso,Laptop,684465,5,Cali,Karen,09/18/2024,Cerrado,Accesorios;
Flem Myall,etc...,1651713,6,Bogotá,John,01/08/2025,Pendiente,etc...;
Hermina MacGall,etc...,381494,7,Cali,Karen,06/25/2024,Pendiente,etc...;
Svend Wessel,Celular,1949529,10,Cali,John,03/10/2025,Pendiente,Accesorios;
Jenine Miner,etc...,293617,9,Bogotá,John,07/21/2024,Cancelado,Electrodomésticos;
Devi Dunkerton,Televisor,1670721,8,Medellín,Karen,12/26/2024,Cerrado,Electrodomésticos;
Krystalle Oade,Celular,2137449,4,Cali,Oscar,06/12/2024,Cancelado,Accesorios;
Joseph Duval,Celular,303896,1,Bogotá,Oscar,01/09/2025,Cancelado,Tecnología;
Meade Davydychev,Laptop,1882137,6,Bogotá,John,11/20/2024,Cerrado,Electrodomésticos;
Sammy Sheeres,Laptop,1710742,4,Bogotá,Karen,01/25/2025,Pendiente,Accesorios;
Jerri Huffa,etc...,2394284,8,Medellín,John,01/26/2025,Pendiente,Electrodomésticos;
Charlene Towhey,Celular,459210,5,etc...,Oscar,06/29/2024,Cancelado,Accesorios;
Wenona Janata,Laptop,2227492,6,etc...,Oscar,11/29/2024,Cerrado,Accesorios;
Lammond Copson,Laptop,1454942,5,Cali,Karen,01/06/2025,Cerrado,etc...;
Norma Snalham,etc...,438581,7,Cali,Oscar,06/14/2024,Cancelado,Tecnología;
Bobbie Skoof,Celular,2133441,4,Medellín,John,02/23/2025,Pendiente,etc...;
Yank Pottery,Televisor,1912649,6,Cali,Karen,11/23/2024,Cerrado,Accesorios;
Javier Rubinchik,etc...,2884690,8,etc...,John,12/14/2024,Cancelado,etc...;
Allianora Reynard,etc...,1222017,10,etc...,Oscar,08/11/2024,Pendiente,Accesorios;
Paquito Sefton,etc...,1250043,8,etc...,Karen,01/21/2025,Cerrado,Accesorios;
Basil Wodham,Laptop,2545884,1,Bogotá,John,08/22/2024,Cerrado,etc...;
Reine Daymond,Celular,1537344,4,Medellín,Karen,08/01/2024,Cancelado,etc...;
Berty Kener,Televisor,1831875,5,Medellín,John,11/05/2024,Cancelado,Tecnología;
Christophorus Mustoe,Televisor,893461,1,Cali,Karen,03/20/2025,Cancelado,Accesorios;
Adiana Munkley,etc...,1334019,7,etc...,John,10/22/2024,Pendiente,etc...;
Mala Tippetts,Laptop,1564260,5,Cali,Karen,08/20/2024,Cerrado,etc...;
Kinny Corkhill,etc...,508440,4,Cali,Oscar,07/04/2024,Pendiente,Tecnología;
Dex Zuanelli,Celular,2635605,1,Medellín,Oscar,11/06/2024,Pendiente,Tecnología;
Jerrilyn Tomasi,Laptop,2052806,9,Bogotá,John,05/09/2024,Cerrado,Accesorios;
Giselbert Highnam,Celular,674452,1,Bogotá,Oscar,06/26/2024,Cerrado,Electrodomésticos;
Omero Maddin,Laptop,365060,4,Medellín,John,10/28/2024,Cancelado,etc...;
Dotty Jones,Televisor,2436371,1,Bogotá,Karen,02/16/2025,Cerrado,etc...;
Arnoldo Kilgrove,Celular,1084007,10,Medellín,Oscar,06/07/2024,Cerrado,Electrodomésticos;
Buffy Gresty,Celular,1705466,5,Bogotá,Oscar,04/04/2025,Pendiente,etc...;
Ransell O'Roan,Laptop,563923,6,Bogotá,Oscar,11/01/2024,Pendiente,etc...;
Yul Kettow,etc...,1174489,5,Bogotá,John,01/04/2025,Pendiente,etc...;
Nickie Pinock,Celular,1883674,3,Cali,Karen,12/26/2024,Cerrado,Electrodomésticos;
Grayce Faye,etc...,954911,2,etc...,Karen,06/13/2024,Cerrado,Tecnología;
Alexandros Erdely,Laptop,2668453,9,Bogotá,John,07/07/2024,Cancelado,Accesorios;
Rubina De Lorenzo,Celular,321647,5,Cali,John,11/22/2024,Cerrado,Accesorios;
Petr Liles,etc...,2026806,6,etc...,Karen,09/09/2024,Pendiente,etc...;
Solly Conduit,Televisor,2359417,1,etc...,John,05/11/2024,Cerrado,Tecnología;
Christopher Gabbotts,Laptop,2208914,5,etc...,John,09/12/2024,Cerrado,etc...;
Dyana Flewan,Laptop,262122,3,Bogotá,John,06/13/2024,Cancelado,Tecnología;
Becky Torra,Televisor,751812,4,Medellín,John,04/12/2025,Cancelado,Electrodomésticos;
Mattias Derrington,Laptop,2029444,2,Bogotá,Oscar,12/03/2024,Cancelado,Accesorios;
Merridie Skayman,etc...,1330215,2,Bogotá,Oscar,02/19/2025,Cerrado,Electrodomésticos;
Worthy Simao,Televisor,654297,5,Medellín,John,12/12/2024,Cerrado,Accesorios;
Bordie Figgs,Celular,2297060,4,Cali,John,06/02/2024,Cerrado,Electrodomésticos;
Alethea Moizer,Laptop,2395052,3,Medellín,Oscar,01/23/2025,Cancelado,Electrodomésticos;
Sabine MacGillicuddy,Televisor,2262609,2,etc...,Oscar,12/26/2024,Pendiente,etc...;
Ingemar Melbourn,etc...,2796750,5,Cali,Karen,07/12/2024,Cancelado,etc...;
Meagan Stickney,etc...,2446597,10,Medellín,John,09/16/2024,Cancelado,Tecnología;
Georgi Calafato,etc...,150719,9,etc...,John,10/03/2024,Pendiente,Accesorios;
Henri Harme,Laptop,150321,1,Bogotá,John,09/11/2024,Cerrado,etc...;
Reinald Grzes,Laptop,388560,4,Bogotá,Karen,08/10/2024,Cancelado,Accesorios;
Roosevelt Butterly,Laptop,775600,9,etc...,Oscar,06/17/2024,Cancelado,Accesorios;
Andree Reubel,Televisor,983094,1,Bogotá,Oscar,08/14/2024,Cerrado,Accesorios;
Ivar Seldon,etc...,1328945,4,Bogotá,Oscar,10/28/2024,Cerrado,Tecnología;
Raynell Bennedick,Laptop,2089439,9,Bogotá,John,02/17/2025,Cerrado,etc...;
Homerus Weddeburn,Laptop,660645,6,Cali,Karen,08/12/2024,Pendiente,Accesorios;
Boycie Rigeby,Celular,2120821,10,Bogotá,John,08/13/2024,Pendiente,etc...;
Brinn Minico,Celular,2362566,3,Cali,Karen,01/06/2025,Pendiente,Accesorios;
Easter Bordes,Televisor,508689,4,Medellín,Oscar,11/21/2024,Cancelado,etc...;
Alfons Frail,etc...,2374593,1,Medellín,Oscar,12/15/2024,Cerrado,Electrodomésticos;
Noam Gomer,Laptop,1250286,7,etc...,John,12/14/2024,Pendiente,Accesorios;
Isidro Zum Felde,Laptop,620071,1,Cali,Karen,12/12/2024,Cerrado,etc...;
Alisun Sprowle,etc...,1709105,1,etc...,Karen,01/24/2025,Pendiente,Electrodomésticos;
Dredi Goodyear,Laptop,1791211,3,Cali,Karen,07/14/2024,Pendiente,Tecnología;
Sophronia Deamer,etc...,1765558,7,Cali,Karen,05/26/2024,Cerrado,etc...;
Corrina Shenton,Televisor,975097,6,Cali,Karen,09/23/2024,Cerrado,Accesorios;
Blondell Golbourn,Televisor,806648,3,Bogotá,John,11/03/2024,Pendiente,Accesorios;
Conchita Ortmann,Televisor,2656635,7,Bogotá,John,02/24/2025,Cancelado,etc...;
Genia Biesterfeld,etc...,2946116,9,Bogotá,John,04/02/2025,Cancelado,Electrodomésticos;
Ardyce O' Bee,Laptop,1537505,1,Cali,John,12/13/2024,Cancelado,etc...;
Javier Yielding,Celular,403622,5,etc...,Karen,08/04/2024,Cancelado,Tecnología;
Janot Edgington,Laptop,386765,10,etc...,John,11/05/2024,Pendiente,Accesorios;
Silvester Willock,Televisor,1365923,7,Cali,Oscar,04/23/2025,Cerrado,Tecnología;
Loydie Durtnel,Celular,1062303,6,Bogotá,John,10/17/2024,Pendiente,Tecnología;
Leonie Lighten,Laptop,2456932,10,Cali,Oscar,05/30/2024,Cancelado,Electrodomésticos;
Florentia Buske,Laptop,2901925,4,etc...,Karen,01/05/2025,Cancelado,Accesorios;
Carmita Lillgard,Televisor,1025171,2,Cali,Karen,03/10/2025,Cancelado,Electrodomésticos;
Alexandro Thirst,Televisor,2865947,7,etc...,John,04/23/2025,Cerrado,Tecnología;
Devora Cowderoy,Celular,1894998,10,Cali,Karen,08/06/2024,Cerrado,Tecnología;
Tamar Brader,Televisor,2860103,5,Medellín,Karen,05/31/2024,Cerrado,Electrodomésticos;
Gussy Heffron,etc...,1585352,6,etc...,John,07/30/2024,Pendiente,Electrodomésticos;
Peyton Doorey,etc...,168309,5,etc...,John,06/05/2024,Pendiente,Electrodomésticos;
Sandi McGrowther,Celular,2583508,8,etc...,John,12/09/2024,Cancelado,Accesorios;
Binky Menzies,Laptop,948617,2,Bogotá,John,04/12/2025,Cancelado,Tecnología;
Felicle Carnow,etc...,822414,8,Bogotá,Oscar,07/21/2024,Cancelado,Electrodomésticos;
Tedmund Bartul,Celular,350594,10,etc...,Oscar,07/17/2024,Cancelado,Tecnología;
Daren Berrie,etc...,823108,9,Bogotá,John,06/18/2024,Cerrado,Electrodomésticos;
Jorey Adkin,Laptop,1636269,7,Medellín,John,08/15/2024,Pendiente,Electrodomésticos;
Berne Corkitt,etc...,328445,8,Bogotá,Oscar,11/25/2024,Cancelado,Electrodomésticos;
Kane Duligall,Celular,1191247,6,Medellín,Karen,06/23/2024,Cerrado,Accesorios;
Bartie Point,Televisor,1014230,2,Bogotá,Karen,04/04/2025,Pendiente,etc...;
Iain Brewer,Celular,2093497,9,Medellín,Karen,02/21/2025,Cancelado,Accesorios;
Vivianna Laurisch,etc...,2410565,4,Medellín,Oscar,10/04/2024,Pendiente,Electrodomésticos;
Corenda Kneath,Celular,400340,10,etc...,Oscar,03/07/2025,Cerrado,Electrodomésticos;
Erik Rozalski,Celular,2789451,7,Bogotá,Karen,12/08/2024,Cerrado,Electrodomésticos;
Jameson Pendleberry,Celular,179711,8,Medellín,Oscar,02/07/2025,Cancelado,Tecnología;
Rodd Szepe,Televisor,771271,4,Cali,Karen,11/25/2024,Cerrado,etc...;
Kile Brussell,Celular,1400391,7,Cali,Oscar,05/14/2024,Cancelado,Accesorios;
Matilde Skin,etc...,489740,1,etc...,Karen,02/16/2025,Cancelado,Electrodomésticos;
Turner Renvoys,etc...,2945205,1,etc...,Oscar,07/15/2024,Cancelado,Tecnología;
Maddalena Taunton,Laptop,496995,6,Medellín,Oscar,12/05/2024,Pendiente,etc...;
Cristobal Hanvey,etc...,1955937,4,Medellín,Oscar,08/20/2024,Cancelado,Accesorios;
Rafael Koppeck,etc...,1484801,8,Medellín,Karen,03/23/2025,Cerrado,Accesorios;
Neron Walkling,Televisor,1475721,7,etc...,Oscar,04/17/2025,Cerrado,etc...;
Ana Serchwell,Celular,630627,9,Cali,Karen,09/30/2024,Cancelado,Electrodomésticos;
Deanna Pie,Televisor,971165,3,Bogotá,Oscar,08/23/2024,Pendiente,Accesorios;
Lesley Stickney,Celular,2553722,10,Medellín,Karen,12/26/2024,Cerrado,Accesorios;
Werner Epperson,etc...,2475661,5,etc...,John,07/28/2024,Cancelado,Accesorios;
Alvie Tanner,Laptop,1169742,7,etc...,Oscar,06/02/2024,Pendiente,Accesorios;
Marchelle Beardwell,Laptop,845764,2,Cali,John,08/31/2024,Pendiente,Accesorios;
Zora Everard,etc...,1543850,2,Medellín,Karen,07/28/2024,Pendiente,Electrodomésticos;
Thedric Pond-Jones,Televisor,2979898,1,Medellín,John,04/13/2025,Cerrado,Electrodomésticos;
Hyacintha Horrigan,Televisor,2678350,6,Cali,John,04/14/2025,Cancelado,Tecnología;
Yard Scotchbourouge,Celular,117888,8,etc...,Karen,05/07/2024,Pendiente,Electrodomésticos;
Patrizius Richardes,etc...,2428926,5,Medellín,John,11/21/2024,Pendiente,Accesorios;
Faydra Karolczyk,etc...,2958526,2,etc...,Oscar,12/31/2024,Cancelado,Electrodomésticos;
Baldwin Desantis,Laptop,1947566,4,Bogotá,Karen,02/18/2025,Pendiente,etc...;
Amitie Billingsly,Televisor,1014191,5,Medellín,Karen,10/30/2024,Pendiente,Electrodomésticos;
Filia Pimlock,etc...,2973913,2,Cali,Oscar,12/20/2024,Pendiente,Electrodomésticos;
Padraic Scrivin,etc...,167993,7,Medellín,John,04/13/2025,Cancelado,Tecnología;
Thelma Bowdler,etc...,1708885,1,Cali,Oscar,07/14/2024,Cancelado,Electrodomésticos;
Nelie Solon,Televisor,1023008,5,etc...,John,04/05/2025,Cancelado,Tecnología;
Vikky Cunniff,etc...,1264150,5,Medellín,John,09/24/2024,Cancelado,etc...;
Eula Dodle,Celular,759563,6,Medellín,Oscar,11/14/2024,Cerrado,Accesorios;
Elita Gautrey,Celular,2765049,4,Bogotá,John,06/05/2024,Cancelado,Tecnología;
Wallas Gomes,etc...,1639393,1,Cali,John,10/27/2024,Cerrado,etc...;
Heidi Plane,Televisor,2611405,5,Medellín,John,09/12/2024,Cancelado,Electrodomésticos;
Christan Relf,Celular,914680,6,Cali,Karen,07/08/2024,Pendiente,Electrodomésticos;
Webb Jennery,Celular,185368,9,Medellín,John,09/04/2024,Cerrado,etc...;
Tedi Crosby,Televisor,2971197,4,Bogotá,Oscar,02/18/2025,Pendiente,Accesorios;
Nadya Iffe,Celular,2783219,1,Cali,Karen,05/27/2024,Pendiente,Tecnología;
Katherina Tredinnick,Celular,1615080,5,Bogotá,Oscar,12/07/2024,Pendiente,Accesorios;
Koral Pavinese,Televisor,1905902,5,Cali,John,03/26/2025,Cancelado,Tecnología;
Osborn Iston,etc...,2141630,8,etc...,Karen,07/02/2024,Pendiente,Tecnología;
Cammy Langlands,etc...,1974091,6,Bogotá,John,04/22/2025,Pendiente,Tecnología;
Danika Sudy,etc...,1654507,1,etc...,Oscar,02/06/2025,Pendiente,Electrodomésticos;
Wyatt Goold,etc...,520435,4,Bogotá,Oscar,01/07/2025,Cerrado,etc...;
Trudi Steer,etc...,455863,10,Cali,Oscar,11/16/2024,Cerrado,Tecnología;
Lexie Bresland,etc...,2757230,1,Bogotá,John,02/07/2025,Pendiente,Electrodomésticos;
Aindrea Currell,etc...,2576052,5,Cali,Karen,01/07/2025,Cerrado,etc...;
Ronica Trengove,etc...,1030795,9,etc...,Karen,10/12/2024,Pendiente,etc...;
Kacey Dilleway,etc...,1607717,5,Bogotá,Karen,06/06/2024,Cerrado,Accesorios;
Olivero Wildber,Laptop,2372443,5,Bogotá,Oscar,08/08/2024,Cerrado,Electrodomésticos;
Kalli Hacksby,etc...,516641,2,etc...,Oscar,04/21/2025,Cerrado,Accesorios;
Lelia Solano,Televisor,1064063,8,Bogotá,Karen,10/13/2024,Cancelado,Tecnología;
Atlanta Speek,etc...,2157124,7,Bogotá,Oscar,09/05/2024,Cancelado,etc...;
Anatole Lideard,Celular,2624155,8,Medellín,Karen,04/24/2025,Cancelado,Tecnología;
Malia Blackshaw,etc...,1544863,9,Medellín,John,01/04/2025,Cerrado,Electrodomésticos;
Katie Biles,Televisor,1500588,6,etc...,Karen,06/14/2024,Pendiente,Electrodomésticos;
Sigvard Dansie,Televisor,1751785,5,Medellín,John,02/12/2025,Pendiente,Accesorios;
Ancell Rosenhaus,Laptop,727623,9,Medellín,Oscar,06/05/2024,Pendiente,Tecnología;
Edd Channing,Laptop,2060001,6,Medellín,Oscar,11/10/2024,Pendiente,etc...;
Wenda Maynell,Televisor,2711946,7,Cali,Oscar,08/16/2024,Cancelado,Electrodomésticos;
Berton Immer,Celular,398119,1,Bogotá,Karen,10/17/2024,Cancelado,Accesorios;
Mercie Woodhouse,etc...,392037,2,Cali,Karen,03/12/2025,Cancelado,etc...;
Abbot Danilovitch,Celular,689817,8,Medellín,Oscar,05/08/2024,Cancelado,Accesorios;
Harlan Drummer,Celular,2373325,10,Cali,Oscar,04/25/2025,Pendiente,Tecnología;
Tammy Perrat,Celular,538166,7,Medellín,Karen,08/08/2024,Cerrado,Electrodomésticos;
L;urette Fligg,etc...,2203793,1,Bogotá,Karen,01/28/2025,Cerrado,etc...
Babara Archer,Celular,1426167,6,etc...,Karen,11/08/2024,Pendiente,Accesorios;
Petrina Skevington,Laptop,939160,10,Cali,Oscar,08/25/2024,Cancelado,etc...;
Herb Gideon,Televisor,1782996,5,etc...,Karen,05/23/2024,Pendiente,Accesorios;
Lexis MacQueen,Celular,2748213,9,etc...,Oscar,03/03/2025,Cerrado,Accesorios;
Chicky Purrington,Televisor,2350754,8,etc...,Karen,05/15/2024,Cancelado,Tecnología;
Fitzgerald Badrock,etc...,1933754,1,Bogotá,Oscar,09/04/2024,Cerrado,Tecnología;
Buiron Fairbanks,Televisor,1415578,3,Bogotá,John,06/13/2024,Pendiente,Electrodomésticos;
Pablo Mowne,Laptop,1722860,5,etc...,Karen,01/27/2025,Cancelado,etc...;
Noami Quickfall,Celular,2238120,1,Cali,Oscar,09/06/2024,Cancelado,etc...;
Joly Crone,Televisor,2525688,5,etc...,Karen,10/16/2024,Cancelado,Electrodomésticos;
Richy Morffew,Televisor,1768778,5,Bogotá,John,08/03/2024,Cancelado,Electrodomésticos;
Noelyn Charsley,etc...,1881892,6,etc...,Karen,09/25/2024,Pendiente,Electrodomésticos;
Odelinda Stoddard,etc...,1770793,5,Medellín,Karen,05/13/2024,Cerrado,Electrodomésticos;
Lorne Renny,etc...,998058,2,Bogotá,Karen,09/17/2024,Cancelado,etc...;
Iosep Byers,Celular,1911785,5,Cali,John,03/16/2025,Cancelado,Accesorios;
Alexandro Pochet,etc...,2197209,8,etc...,Karen,10/25/2024,Pendiente,Tecnología;
Carlie Isacoff,etc...,2047720,7,Cali,Oscar,01/01/2025,Cancelado,Electrodomésticos;
Hubert Barrs,Celular,1579012,4,Bogotá,John,01/22/2025,Cerrado,Tecnología;
Andros Bonehill,Laptop,2886841,9,etc...,Oscar,08/06/2024,Pendiente,Accesorios;
Filmore Cuffin,etc...,428516,2,Medellín,Oscar,01/07/2025,Cancelado,Accesorios;
Jeri Galliard,etc...,2943273,9,Cali,Karen,08/12/2024,Pendiente,Electrodomésticos;
Camella Turfitt,Televisor,186567,4,etc...,Oscar,08/01/2024,Cerrado,Electrodomésticos;
Astrid O'Keeffe,Laptop,2994042,5,etc...,John,07/05/2024,Pendiente,etc...;
Sherlocke Sannes,Laptop,493400,3,Cali,Oscar,11/28/2024,Pendiente,etc...;
Inger Boyan,Laptop,1605178,8,Cali,Oscar,11/27/2024,Cancelado,Electrodomésticos;
Alayne Walkowski,etc...,2789336,3,Bogotá,Karen,04/26/2025,Cerrado,etc...;
Nerti Le Strange,etc...,458651,4,Bogotá,Oscar,03/12/2025,Cancelado,etc...;
Michail Hall-Gough,etc...,716169,6,Cali,Oscar,06/04/2024,Cerrado,Accesorios;
Kimberly Denis,etc...,1594285,10,Medellín,Oscar,09/06/2024,Pendiente,etc...;
Katinka Lyptrit,Laptop,1617307,10,Bogotá,Oscar,10/19/2024,Cancelado,Accesorios;
Feodor Farlowe,Laptop,1736742,5,Medellín,John,03/13/2025,Cerrado,Tecnología;
Danika Bodimeade,Laptop,2546711,4,Medellín,Oscar,06/03/2024,Cerrado,Electrodomésticos;
Wallis Wasteney,Celular,2812239,2,Medellín,Oscar,12/19/2024,Pendiente,Accesorios;
Nettie Wellbeloved,etc...,2144310,1,Medellín,John,05/20/2024,Cerrado,Accesorios;
Clara Noweak,Celular,2122882,8,Medellín,Oscar,08/17/2024,Cancelado,etc...;
Ivette Tandy,Laptop,2225306,2,Cali,John,01/02/2025,Cancelado,etc...;
Tracy Bamblett,Laptop,721929,9,Medellín,Karen,02/25/2025,Pendiente,Accesorios;
Cosme Masdin,etc...,1508789,1,Bogotá,Karen,08/24/2024,Cancelado,Tecnología;
Happy Gepp,Televisor,2908809,9,Cali,Oscar,02/27/2025,Cerrado,Electrodomésticos;
Fran Stanman,Televisor,557839,3,Medellín,John,04/18/2025,Cerrado,Tecnología;
Stanfield Rehor,Televisor,232417,5,Bogotá,John,06/19/2024,Cerrado,Electrodomésticos;
Oneida Lagden,Televisor,2771978,4,Cali,Oscar,08/07/2024,Cerrado,etc...;
Davidson Schorah,Televisor,2328167,8,Cali,Oscar,02/01/2025,Cancelado,Electrodomésticos;
Victoir Crosoer,etc...,2829426,2,etc...,Karen,02/09/2025,Cancelado,Electrodomésticos;
Gerry Chestney,Celular,2596726,6,Bogotá,Oscar,09/29/2024,Pendiente,Accesorios;
Janenna Somersett,Laptop,903943,1,Cali,Karen,07/13/2024,Pendiente,Accesorios;
Dusty D'Souza,etc...,977530,4,Cali,Karen,08/27/2024,Cerrado,Accesorios;
Sallee Balsom,Laptop,2691561,6,etc...,John,01/07/2025,Pendiente,Tecnología;
Ron Teather,Televisor,1075438,8,etc...,John,09/04/2024,Pendiente,Tecnología;
Virge Chaucer,Televisor,1302288,2,Medellín,Oscar,02/06/2025,Pendiente,Electrodomésticos;
Ginni Brabban,Celular,1174756,3,Bogotá,Oscar,05/04/2025,Cerrado,Accesorios;
Ruggiero Brownsill,etc...,298269,1,Medellín,Oscar,10/22/2024,Pendiente,Tecnología;
Boone O'Sharkey,Televisor,1486861,5,Medellín,Oscar,04/28/2025,Pendiente,Electrodomésticos;
Hartwell Hanley,etc...,234493,8,Medellín,Oscar,04/09/2025,Pendiente,etc...;
Augustine Hoggetts,Celular,1214627,7,Bogotá,Oscar,04/22/2025,Cerrado,etc...;
Di Dalla,etc...,131775,3,Medellín,Karen,08/14/2024,Pendiente,etc...;
Patsy Blewitt,Celular,954035,3,Bogotá,John,04/21/2025,Pendiente,Accesorios;
Raynard Goley,etc...,2273494,6,Cali,John,09/30/2024,Pendiente,Tecnología;
Brook Anyene,Televisor,1301552,7,Bogotá,Karen,05/29/2024,Cerrado,Tecnología;
Alasteir Kigelman,Laptop,848596,4,Bogotá,John,10/09/2024,Cerrado,Accesorios;
Krishnah Feathers,Televisor,2150670,4,Medellín,Oscar,05/15/2024,Pendiente,Tecnología;
Ailey Roslen,Celular,2284710,2,etc...,John,08/15/2024,Cancelado,Electrodomésticos;
Brandyn Boddice,Laptop,1640509,7,Cali,Karen,03/12/2025,Cancelado,etc...;
Frans Baalham,Televisor,2053795,10,Cali,John,03/18/2025,Cerrado,Tecnología;
Val Dudley,Celular,665855,6,Medellín,Oscar,12/21/2024,Cerrado,Accesorios;
Merrie Batts,Laptop,2224746,8,Cali,John,05/16/2024,Cerrado,etc...;
Robinett Lamball,Celular,1182135,5,Bogotá,John,07/15/2024,Cancelado,Accesorios;
Carlye Curro,Celular,2610951,7,Bogotá,John,01/07/2025,Cerrado,etc...;
Massimiliano Comberbeach,Celular,657235,5,Bogotá,Karen,05/20/2024,Cerrado,Electrodomésticos;
Nicoline Jerok,Televisor,2711568,4,Bogotá,Karen,03/30/2025,Cancelado,Accesorios;
Alejandrina Kellough,Televisor,974787,7,etc...,Oscar,01/03/2025,Cerrado,Tecnología;
Armando Confait,Celular,2065412,8,Bogotá,Oscar,07/07/2024,Pendiente,Accesorios;
Fidela Floweth,Televisor,2509485,8,Medellín,Karen,01/16/2025,Pendiente,Tecnología;
Corri Caldeyroux,Televisor,1969447,8,Cali,Karen,10/10/2024,Cerrado,Tecnología;
Ginny Ivanikov,Celular,1525189,3,etc...,Karen,04/12/2025,Cancelado,etc...;
Renie Colegrove,etc...,403218,3,Cali,Oscar,10/18/2024,Pendiente,etc...;
Kristofer Glewe,Laptop,384875,5,Bogotá,John,10/12/2024,Pendiente,etc...;
Lucienne Rawood,etc...,1723282,10,Cali,John,06/12/2024,Cerrado,Accesorios;
Kimberlee Demangeot,Celular,1853112,10,Cali,Karen,03/02/2025,Cerrado,etc...;
Kristopher McGuiness,Laptop,798621,10,etc...,John,08/18/2024,Cerrado,etc...;
Arlena Franchyonok,etc...,1244286,5,Medellín,Oscar,09/14/2024,Cancelado,Tecnología;
Rivalee Hogben,etc...,2729224,10,Medellín,John,10/21/2024,Cancelado,Electrodomésticos;
Dulci Jakoub,etc...,292555,6,Cali,Oscar,08/18/2024,Cerrado,Electrodomésticos;
Mercedes Swin,Televisor,2909636,7,etc...,Oscar,10/03/2024,Pendiente,etc...;
Mick Prendeville,Laptop,1292004,7,Medellín,John,12/06/2024,Cancelado,Electrodomésticos;
Pollyanna Varnham,Celular,2406060,8,Medellín,Karen,11/15/2024,Pendiente,Tecnología;
Frederich Dearle,Televisor,2494483,2,Cali,Oscar,02/24/2025,Cancelado,Tecnología;
Corbet Skoggins,Laptop,801108,5,Bogotá,John,10/13/2024,Cerrado,Tecnología;
Giles Garaghan,Celular,2609491,2,etc...,John,08/08/2024,Pendiente,Tecnología;
Fredelia Savidge,etc...,2564480,8,Bogotá,Karen,12/03/2024,Cerrado,Tecnología;
Hirsch Ducarne,Celular,2163548,9,Bogotá,Karen,11/09/2024,Cancelado,Tecnología;
Rahal Furber,etc...,822142,8,Medellín,John,05/09/2025,Cancelado,Accesorios;
Anton Crix,Celular,1737039,1,Medellín,Oscar,03/31/2025,Cerrado,etc...;
Christina Northcott,Laptop,2404109,9,Bogotá,Karen,11/04/2024,Cancelado,Electrodomésticos;
Brooke Angood,etc...,2904752,4,Bogotá,Oscar,10/27/2024,Pendiente,Electrodomésticos;
Emlyn Cochet,etc...,2236833,10,Cali,Karen,10/02/2024,Cancelado,etc...;
Artur Zannelli,Televisor,2300491,5,Medellín,Karen,06/01/2024,Cancelado,Accesorios;
Heall Oldroyde,etc...,2839370,9,Bogotá,Oscar,06/06/2024,Cerrado,Tecnología;
Kassi Giraudou,etc...,2034510,3,Bogotá,John,11/09/2024,Cerrado,Tecnología;
Ahmed Imison,Televisor,2348606,4,etc...,John,07/19/2024,Cerrado,etc...;
Austen Rysom,Laptop,1430026,5,etc...,John,12/15/2024,Cerrado,Electrodomésticos;
Gamaliel Harman,etc...,600799,4,Cali,John,06/25/2024,Cerrado,Electrodomésticos;
Raye Enns,Televisor,1863822,7,Cali,Oscar,06/25/2024,Cerrado,Accesorios;
Rochester Palk,etc...,2825226,2,Cali,John,02/01/2025,Cancelado,Accesorios;
Felix Ayris,Celular,2739552,9,Medellín,John,02/16/2025,Cerrado,Accesorios;
Irene Bryde,etc...,1534346,5,Medellín,John,12/17/2024,Cerrado,Tecnología;
Wyndham Dawbery,etc...,1928914,4,etc...,John,08/23/2024,Cancelado,etc...;
Magdalena Witherop,Laptop,382918,8,Medellín,John,11/10/2024,Cancelado,etc...;
Murdock Peterson,etc...,1916693,6,Cali,Oscar,10/12/2024,Pendiente,etc...;
Fernande Savage,Laptop,2520513,2,Bogotá,Oscar,02/19/2025,Pendiente,Electrodomésticos;
Luca Gligori,Televisor,2688029,6,Bogotá,Oscar,11/15/2024,Pendiente,Electrodomésticos;
Malena Gilchrest,Laptop,890996,2,etc...,Oscar,11/09/2024,Cancelado,etc...;
Wilhelmina Husthwaite,etc...,704506,5,Cali,Oscar,05/27/2024,Cancelado,Accesorios;
Jolyn Readitt,Laptop,2525833,1,Bogotá,John,10/19/2024,Pendiente,Electrodomésticos;
Bambi Deporte,etc...,1303795,4,Medellín,John,09/04/2024,Pendiente,Accesorios;
Olimpia Conradsen,etc...,2216281,6,etc...,John,08/03/2024,Cancelado,etc...;
Tiler Eade,Celular,2623928,9,Cali,Oscar,01/10/2025,Cancelado,Tecnología;
Kayle Ruskin,etc...,926309,7,etc...,John,12/13/2024,Cerrado,Accesorios;
Luz Jago,Televisor,772750,10,Medellín,John,04/10/2025,Cancelado,Electrodomésticos;
Corty Gounard,Celular,635600,8,Medellín,Karen,03/26/2025,Cancelado,Tecnología;
Dewitt Gurwood,etc...,602519,6,Cali,Karen,03/27/2025,Cancelado,Tecnología;
Harlie Donnellan,Televisor,2348652,6,Medellín,John,02/16/2025,Pendiente,Accesorios;
Marsh Stoffersen,etc...,465653,1,Bogotá,Karen,11/08/2024,Cerrado,etc...;
Claudian Alesin,etc...,1715937,2,Cali,Karen,01/21/2025,Cerrado,Tecnología;
Harlen Ludovico,Televisor,1263187,3,Bogotá,John,02/03/2025,Cancelado,etc...;
Wes Winters,etc...,1162767,8,Medellín,Karen,05/03/2025,Cancelado,Tecnología;
Arny Ingerman,Laptop,197801,7,Medellín,John,06/10/2024,Cerrado,Electrodomésticos;
Kial Aksell,Televisor,1744601,2,Medellín,Oscar,11/24/2024,Cancelado,Electrodomésticos;
Mort Cristoforo,Televisor,682801,8,etc...,Karen,11/23/2024,Cerrado,Tecnología;
Eduino Henriet,Laptop,166362,5,Medellín,Oscar,11/29/2024,Cerrado,Tecnología;
Tyrus Dagwell,etc...,2894718,7,etc...,John,08/05/2024,Cancelado,Tecnología;
Coral Bristoe,Celular,456075,10,etc...,John,01/15/2025,Cancelado,Tecnología;
Morey Rainton,Televisor,620761,5,Cali,Karen,08/15/2024,Pendiente,Electrodomésticos;
Karrah Flight,etc...,1524507,2,Medellín,Oscar,02/06/2025,Pendiente,Electrodomésticos;
Tracee Dowthwaite,Laptop,1342392,7,Bogotá,Oscar,02/22/2025,Pendiente,Electrodomésticos;
Correy Okey,Televisor,1520638,7,Cali,Oscar,03/17/2025,Cerrado,Accesorios;
Town Southouse,etc...,2582592,5,Bogotá,John,04/27/2025,Pendiente,etc...;
Liesa Ensor,Celular,2012600,4,Cali,Oscar,03/24/2025,Cerrado,Accesorios;
Gaultiero Heeley,Celular,977542,3,Bogotá,Karen,03/16/2025,Cerrado,etc...;
Drusi Masterman,etc...,1380078,9,Cali,Karen,10/25/2024,Cancelado,Accesorios;
Hamil Ewbank,Celular,2528792,6,Cali,John,06/05/2024,Cancelado,etc...;
Patrick Tuttiett,Televisor,2050498,10,Bogotá,Oscar,12/18/2024,Cancelado,etc...;
Rebekah O'Glessane,Celular,460132,3,Bogotá,John,02/24/2025,Cerrado,Accesorios;
Haley Nise,Celular,400125,7,Bogotá,John,09/09/2024,Pendiente,etc...;
Bourke Cutajar,Laptop,1284485,3,Medellín,Oscar,04/01/2025,Pendiente,etc...;
Warden Hares,Laptop,2837995,3,Cali,Karen,03/06/2025,Cancelado,etc...;
Annabel Childs,Televisor,2891815,9,Medellín,John,01/23/2025,Cerrado,Tecnología;
Star Guyton,Celular,1891859,5,Medellín,Oscar,02/24/2025,Cerrado,Tecnología;
Eulalie Butrimovich,Laptop,696349,4,Medellín,Karen,10/26/2024,Cancelado,Accesorios;
Terrell Beggs,Televisor,1705049,9,Bogotá,Karen,08/11/2024,Pendiente,Accesorios;
Ennis Castiglione,etc...,675757,2,Medellín,Karen,05/30/2024,Pendiente,Tecnología;
Clark Laidler,Televisor,946014,7,Medellín,John,04/09/2025,Cerrado,Tecnología;
Adelbert Gristhwaite,Celular,2208258,4,Medellín,Karen,02/17/2025,Pendiente,Accesorios;
Nannie Sacco,Laptop,559222,8,Medellín,John,09/28/2024,Cerrado,Accesorios;
Ludovico De Vere,Televisor,2156399,1,etc...,John,12/01/2024,Pendiente,Accesorios;
Alaric Millimoe,Televisor,828360,2,Cali,Oscar,12/10/2024,Cerrado,Electrodomésticos;
Noelani Walesby,Televisor,980284,9,Cali,Oscar,04/17/2025,Cancelado,Electrodomésticos;
Spencer Patrickson,etc...,2240555,6,Bogotá,Oscar,12/10/2024,Cerrado,Tecnología;
Humbert Selcraig,Celular,2248410,5,etc...,Oscar,08/31/2024,Pendiente,etc...;
Ruttger Garahan,Laptop,1161661,3,Medellín,Oscar,11/18/2024,Pendiente,Tecnología;
Dalston Roskrug,Laptop,2152936,3,Medellín,Karen,09/20/2024,Cancelado,Accesorios;
Melba Bambrugh,Celular,2545277,8,Medellín,Oscar,07/16/2024,Cancelado,Accesorios;
Benny Crispin,Celular,1074025,4,Medellín,Karen,10/29/2024,Cerrado,Accesorios;
Osborn Meagh,Televisor,691897,1,Medellín,John,01/25/2025,Cancelado,Accesorios;
Dill Gibbett,etc...,1687097,9,etc...,John,03/30/2025,Pendiente,Electrodomésticos;
Maxwell Coldman,etc...,1311062,9,Cali,John,03/16/2025,Pendiente,Tecnología;
Danella Josephi,Televisor,2717542,4,Bogotá,John,07/08/2024,Cancelado,etc...;
Alphard Kinnach,Televisor,1212441,2,Medellín,Oscar,09/11/2024,Cerrado,Tecnología;
Ricky Sybry,etc...,2588100,5,etc...,John,02/22/2025,Cerrado,Electrodomésticos;
Sayers Djurdjevic,etc...,1591681,5,etc...,Karen,03/18/2025,Cancelado,Accesorios;
Bay Sarra,etc...,1178724,5,Medellín,Oscar,05/12/2024,Pendiente,Tecnología;
Haily Warland,Laptop,536411,9,Cali,Oscar,10/28/2024,Pendiente,Accesorios;
Leeann Dibner,Televisor,316995,6,etc...,Oscar,11/30/2024,Cerrado,etc...;
Vanni Gofford,Televisor,1451382,8,etc...,Oscar,03/19/2025,Cancelado,Tecnología;
Archie Hanhardt,etc...,2600325,6,Cali,John,11/21/2024,Pendiente,Accesorios;
Carline Alston,Laptop,2793851,6,etc...,Karen,05/25/2024,Pendiente,Tecnología;
Karna Syphus,Celular,1482468,7,Cali,John,06/14/2024,Cerrado,Accesorios;
Emlyn Edess,Televisor,1648155,9,Bogotá,Karen,11/06/2024,Pendiente,etc...;
Tiertza Cattermole,Televisor,1336582,3,Bogotá,Oscar,11/18/2024,Pendiente,Electrodomésticos;
Lewes MacAvaddy,Televisor,2924009,1,Cali,Oscar,06/25/2024,Cancelado,etc...;
Melitta Kemmey,Televisor,2861855,4,Medellín,Karen,10/24/2024,Cancelado,Electrodomésticos;
Trixi Tal,Televisor,1755893,6,Cali,Oscar,10/11/2024,Pendiente,etc...;
Kala Ledbetter,etc...,2403022,5,Bogotá,Oscar,12/31/2024,Cerrado,etc...;
Brunhilde Thoma,Laptop,2339664,1,Cali,Karen,10/10/2024,Pendiente,Accesorios;
Donavon Brinkman,Laptop,2443666,10,Cali,Oscar,10/14/2024,Pendiente,Tecnología;
Danya Rimbault,Celular,2521061,2,Cali,Karen,10/04/2024,Cancelado,Accesorios;
Lotty Lysons,Celular,1407125,1,etc...,Karen,04/23/2025,Pendiente,etc...;
Farleigh Ruilton,Laptop,2062118,10,etc...,Oscar,09/03/2024,Pendiente,Electrodomésticos;
Nickey Haskins,Celular,2559507,10,Cali,Karen,08/30/2024,Cancelado,Electrodomésticos;
Paulette Lippard,Laptop,846607,6,etc...,John,03/07/2025,Cerrado,etc...;
Matthieu Scoates,Celular,2609205,9,Medellín,Oscar,04/29/2025,Cancelado,Tecnología;
Eliza Pohlak,Televisor,392988,2,Bogotá,John,07/03/2024,Cancelado,Accesorios;
Reeba Gilleson,etc...,2481875,9,etc...,Oscar,12/01/2024,Pendiente,etc...;
Rona Nucciotti,Televisor,144772,8,Medellín,John,10/30/2024,Cerrado,Tecnología;
Juanita Pirolini,Celular,1524197,7,Medellín,Oscar,09/14/2024,Pendiente,Accesorios;
Crysta Collard,Laptop,343610,9,etc...,Karen,05/29/2024,Cerrado,Accesorios;
Federico Carlisso,Celular,1500916,5,Cali,John,01/22/2025,Cancelado,Accesorios;
Mikael Swetland,Celular,1319464,2,Medellín,Karen,01/06/2025,Pendiente,Electrodomésticos;
Blane Roust,Laptop,1237030,1,etc...,Oscar,04/20/2025,Cancelado,etc...;
Madonna Lukins,Laptop,1655062,10,etc...,Oscar,02/18/2025,Cerrado,Electrodomésticos;
Danny Fearneley,Celular,1539871,5,etc...,John,04/13/2025,Cerrado,Tecnología;
Homer Ors,etc...,2505543,4,Bogotá,John,12/26/2024,Pendiente,Accesorios;
Korey Margiotta,Laptop,2197959,10,Medellín,Karen,02/26/2025,Pendiente,Accesorios;
Griz Olphert,Celular,1669214,1,Bogotá,John,05/19/2024,Pendiente,Tecnología;
Brian Talboy,etc...,325437,10,etc...,Karen,03/23/2025,Pendiente,etc...;
Joachim Petrovsky,Celular,982744,1,Cali,Oscar,02/17/2025,Cerrado,Accesorios;
Bevan Elgey,Televisor,1966723,4,etc...,Karen,10/15/2024,Cerrado,etc...;
Mary Wallbanks,Laptop,771860,2,etc...,John,03/07/2025,Cancelado,etc...;
Layla Allicock,Televisor,168069,2,etc...,John,12/13/2024,Pendiente,Electrodomésticos;
Tandy Ruecastle,Televisor,1200117,10,Bogotá,Oscar,04/09/2025,Pendiente,Electrodomésticos;
Ludovico Winfield,Celular,2561955,6,Medellín,John,05/18/2024,Pendiente,etc...;
Verile Harrismith,Celular,1562693,9,Medellín,Karen,05/18/2024,Cancelado,Electrodomésticos;
Lucky Abells,Celular,1838566,8,Medellín,John,02/05/2025,Pendiente,Electrodomésticos;
Terrel Fairnie,Laptop,1007394,8,Cali,Oscar,02/24/2025,Cancelado,Tecnología;
Bartolemo Ashall,etc...,2516165,9,etc...,John,04/08/2025,Cerrado,Tecnología;
Babb Volett,Laptop,2003809,1,Bogotá,Oscar,12/15/2024,Pendiente,Electrodomésticos;
Brear Shayes,Televisor,1128448,10,Bogotá,John,01/04/2025,Cancelado,Accesorios;
Fidel Halifax,Televisor,1691664,1,Bogotá,John,08/18/2024,Cancelado,etc...;
Bill McGooch,Celular,1953107,2,Cali,John,06/10/2024,Cerrado,Tecnología;
Theobald Fontes,Televisor,2530750,6,Cali,John,04/02/2025,Pendiente,Tecnología;
Kari Maybey,etc...,1648767,7,etc...,Oscar,01/11/2025,Pendiente,Tecnología;
Armin Gladman,Laptop,1387676,5,Bogotá,Karen,04/14/2025,Cerrado,etc...;
Ree Frankom,etc...,2025817,7,Bogotá,John,03/01/2025,Pendiente,etc...;
Leodora Stening,Celular,2612942,4,Bogotá,Karen,05/09/2025,Cerrado,Accesorios;
Crichton Schowenburg,Televisor,1913908,5,Medellín,Karen,10/20/2024,Cerrado,Electrodomésticos;
Papagena Alman,Celular,1660364,10,Medellín,Oscar,08/18/2024,Cerrado,Tecnología;
Teena Broader,Celular,2975953,7,etc...,Karen,08/29/2024,Cerrado,Accesorios;
Elfie Blaxland,Laptop,2185722,8,Medellín,Oscar,05/23/2024,Cerrado,Accesorios;
Basile Filtness,Televisor,593171,7,etc...,Oscar,03/11/2025,Cancelado,etc...;
Rennie Musterd,Televisor,2567886,1,etc...,Oscar,09/29/2024,Pendiente,Electrodomésticos;
Elnore Mayoh,Laptop,1665487,1,etc...,Oscar,11/09/2024,Cerrado,Tecnología;
Modestia Stores,Celular,766129,7,Cali,Karen,06/30/2024,Pendiente,Electrodomésticos;
Alfi Tejero,Laptop,422036,2,etc...,Oscar,09/14/2024,Cancelado,etc...;
Vasily Norgate,Laptop,262168,1,Medellín,John,09/20/2024,Cancelado,etc...;
Kaitlin Lavell,Televisor,2993480,8,Cali,Karen,04/07/2025,Cancelado,etc...;
Felic Vaen,etc...,1326263,8,Cali,Karen,10/03/2024,Cancelado,etc...;
Dermot Jamison,etc...,955163,4,Bogotá,Karen,08/02/2024,Cerrado,Accesorios;
Dilan Allday,Televisor,140364,7,Bogotá,Karen,07/08/2024,Cancelado,Tecnología;
Jory Dionisio,Televisor,1160621,6,Bogotá,Oscar,10/01/2024,Pendiente,etc...;
Darice Devaney,Celular,2829413,5,Cali,Karen,02/22/2025,Pendiente,Electrodomésticos;
Casper Doherty,Laptop,2630366,2,etc...,Oscar,08/20/2024,Cancelado,Tecnología;
Pierre Coom,etc...,1931936,4,etc...,Oscar,02/15/2025,Pendiente,etc...;
Ogden Mengue,etc...,1931768,10,Medellín,Karen,03/01/2025,Cerrado,Accesorios;
Abigael Powter,Televisor,1685683,8,Medellín,John,07/27/2024,Cerrado,Tecnología;
Andres Shields,Laptop,545361,2,Medellín,Oscar,03/10/2025,Cancelado,Accesorios;
Arlie Cranna,etc...,2120122,10,Bogotá,John,07/03/2024,Cancelado,Electrodomésticos;
Seka Steabler,Celular,1976469,9,Medellín,Karen,04/03/2025,Cancelado,etc...;
Cortie Renard,etc...,2299983,8,etc...,Karen,08/09/2024,Cancelado,Electrodomésticos;
Antoinette Marsham,etc...,2213003,2,Bogotá,Oscar,07/04/2024,Cancelado,Accesorios;
Wynne Woofendell,Laptop,636700,10,etc...,John,08/31/2024,Pendiente,etc...;
Alfonse Gummory,etc...,1483836,6,Medellín,Oscar,07/22/2024,Cerrado,Accesorios;
Veronika Prate,Televisor,863104,8,Medellín,Oscar,01/10/2025,Cerrado,etc...;
Salome Reinert,etc...,1595350,2,etc...,Karen,03/05/2025,Pendiente,Electrodomésticos;
Torey Diamond,Celular,1224794,6,etc...,Oscar,09/04/2024,Cerrado,Tecnología;
Mace Ransome,etc...,2050605,4,Cali,Oscar,08/19/2024,Cerrado,etc...;
Gerrard Durber,Celular,473144,9,Bogotá,John,11/08/2024,Pendiente,Accesorios;
Josselyn Tirrell,Televisor,828662,7,Bogotá,Oscar,05/18/2024,Cancelado,etc...;
Jamey Lefley,Celular,251076,9,etc...,Karen,02/10/2025,Cancelado,Electrodomésticos;
Myron Sitlinton,etc...,883424,1,Medellín,Karen,11/12/2024,Pendiente,Tecnología;
Olin Provest,Celular,1617744,10,Bogotá,John,05/24/2024,Pendiente,Tecnología;
Bettye Catherick,etc...,1688988,6,etc...,Oscar,09/30/2024,Pendiente,etc...;
Cale Blackater,etc...,2508963,3,Bogotá,John,03/14/2025,Cancelado,Tecnología;
Jean Acland,Celular,2253783,6,etc...,John,06/23/2024,Cancelado,Electrodomésticos;
Inger Ricker,etc...,879537,7,Medellín,Karen,10/12/2024,Cerrado,etc...;
Lindy Poundesford,Laptop,332219,5,Medellín,Karen,02/01/2025,Cerrado,Accesorios;
Alison Radoux,etc...,1477257,8,etc...,Oscar,11/11/2024,Cancelado,Electrodomésticos;
Augustine Trehearne,Televisor,1938755,4,Cali,Karen,10/19/2024,Pendiente,Tecnología;
Julius Guitel,Celular,2454016,6,Bogotá,Karen,07/01/2024,Cancelado,Tecnología;
Maure Woodwin,etc...,1053874,2,Cali,John,12/25/2024,Cerrado,etc...;
Berny Alexandre,Laptop,2647960,9,Cali,Oscar,12/26/2024,Cancelado,etc...;
Ginny Chalder,etc...,718703,8,Cali,Karen,04/28/2025,Cancelado,etc...;
Hillard Causon,Celular,684401,1,etc...,John,03/17/2025,Pendiente,Electrodomésticos;
Trstram Nudde,Celular,1064942,9,Cali,John,11/25/2024,Cancelado,Tecnología;
Tiphani Kilday,etc...,1617477,1,Cali,Karen,06/17/2024,Cerrado,Accesorios;
Zena Verzey,Laptop,2173117,10,Medellín,Oscar,12/12/2024,Pendiente,etc...;
Dosi Kepe,Celular,992969,6,Medellín,Karen,05/15/2024,Cancelado,Tecnología;
Umberto Spellesy,Celular,2750395,7,Bogotá,Oscar,04/04/2025,Cerrado,etc...;
Margaretha Gorioli,Laptop,1127771,4,etc...,John,01/13/2025,Cerrado,etc...;
Bartholomew Vale,Celular,2254170,3,Cali,John,08/26/2024,Cancelado,Tecnología;
Inge Shea,etc...,2422423,6,Bogotá,Oscar,10/02/2024,Cerrado,Electrodomésticos;
Lynde Boullen,Celular,1469797,6,Bogotá,Karen,07/06/2024,Cerrado,Accesorios;
Lorain Elham,Celular,1500354,9,Cali,Oscar,11/11/2024,Cancelado,Tecnología;
Cory Pontin,Celular,662908,9,Medellín,Oscar,02/25/2025,Pendiente,Accesorios;
Bronnie Burnsides,Televisor,726473,3,etc...,Oscar,01/24/2025,Cerrado,Tecnología;
Arvie McLorinan,Laptop,565794,4,Bogotá,Oscar,01/17/2025,Pendiente,Electrodomésticos;
Paco Musterd,etc...,607232,4,Bogotá,Karen,12/11/2024,Cancelado,Tecnología;
Farlie FitzGeorge,Televisor,2371090,2,etc...,Oscar,05/01/2025,Cancelado,etc...;
Ralf Marcus,Televisor,1690697,1,Medellín,Karen,06/09/2024,Pendiente,Tecnología;
Editha Skuse,Laptop,705876,5,Bogotá,John,05/07/2025,Cerrado,Tecnología;
Henri Bolus,Laptop,1738348,10,Medellín,John,06/10/2024,Cerrado,Electrodomésticos;
Killian Phillott,etc...,545068,3,Cali,John,05/25/2024,Cerrado,Tecnología;
Jessie Zollner,Celular,2732961,1,Bogotá,John,06/15/2024,Cerrado,Electrodomésticos;
Bearnard Greg,Televisor,1165866,4,Cali,Karen,05/21/2024,Pendiente,Tecnología;
Murdoch Pickwell,Laptop,1959570,2,Bogotá,Oscar,12/29/2024,Cerrado,Accesorios;
Dalila Pinches,Laptop,1192920,3,etc...,Karen,05/28/2024,Cancelado,Accesorios;
Nikolaus Pitts,Celular,2839089,4,Medellín,John,04/04/2025,Pendiente,Electrodomésticos;
Becka Abramin,Televisor,1224514,3,Bogotá,Oscar,09/20/2024,Pendiente,Electrodomésticos;
Shela Skoggings,Celular,1627140,1,etc...,Karen,12/29/2024,Cancelado,Electrodomésticos;
Rhys Jenteau,etc...,1978743,1,Cali,John,06/28/2024,Pendiente,Electrodomésticos;
Lammond Cowans,Televisor,794474,5,Medellín,Oscar,04/17/2025,Pendiente,Electrodomésticos;
Lowe MacCathay,etc...,191727,5,Medellín,Oscar,10/25/2024,Pendiente,Electrodomésticos;
Teodoor Grimsdith,Laptop,2914295,9,Bogotá,Karen,11/28/2024,Pendiente,etc...;
Jaclin Bisatt,Laptop,2340425,7,Cali,Karen,09/09/2024,Cancelado,Electrodomésticos;
Werner Coppenhall,Televisor,1803807,7,etc...,John,07/29/2024,Cerrado,etc...;
Roby Synder,Televisor,891893,5,etc...,Oscar,03/11/2025,Cancelado,Tecnología;
Desiri Berston,Celular,2975721,10,etc...,John,12/06/2024,Pendiente,Accesorios;
Domenic Barson,Laptop,246963,6,Cali,John,08/20/2024,Pendiente,etc...;
Angelique Nelthrop,Televisor,2341531,10,Medellín,John,04/14/2025,Pendiente,Accesorios;
Crosby Ruddock,Televisor,703820,6,Cali,Karen,02/06/2025,Pendiente,Tecnología;
Cozmo Mowles,etc...,2463131,3,Bogotá,Karen,05/13/2024,Pendiente,Accesorios;
Dougy Itzkowicz,Televisor,1728537,7,etc...,Karen,04/05/2025,Cancelado,etc...;
Inessa Hurry,Laptop,1889970,4,Medellín,John,10/11/2024,Cancelado,etc...;
Grange Conaghan,Laptop,137640,3,Bogotá,John,11/02/2024,Pendiente,Tecnología;
Stephanie Entreis,Celular,2643751,8,Bogotá,Karen,01/23/2025,Cancelado,Tecnología;
Sven Bernardeschi,Televisor,1575919,9,Cali,Oscar,12/10/2024,Pendiente,etc...;
Evelyn Wyson,Televisor,2738958,10,Medellín,Oscar,08/16/2024,Pendiente,Tecnología;
Thane Iuorio,Celular,2042268,2,Cali,Karen,04/21/2025,Cerrado,etc...;
Bobine Aubray,Celular,2851238,10,Bogotá,Karen,09/18/2024,Cancelado,Tecnología;
Marietta Hammersley,etc...,658135,7,etc...,John,08/16/2024,Cancelado,Electrodomésticos;
Babbie Greening,Celular,963345,7,Cali,Oscar,11/09/2024,Pendiente,Accesorios;
Vallie Roget,Laptop,1643812,10,Cali,Karen,05/18/2024,Pendiente,Accesorios;
Goddard Grimsdith,Laptop,1641225,10,Cali,Karen,05/09/2025,Pendiente,Tecnología;
Roseanna Takle,Celular,1028044,4,Cali,Karen,12/02/2024,Cancelado,Tecnología;
Chrysa Souley,Laptop,711121,4,Cali,Karen,02/10/2025,Cancelado,etc...;
Dewain Holdforth,Televisor,145315,8,etc...,John,06/10/2024,Pendiente,Tecnología;
Wilfred Brussels,etc...,1947952,8,etc...,Karen,02/13/2025,Cerrado,Electrodomésticos;
Faina Albone,etc...,1558207,7,Bogotá,Oscar,03/21/2025,Cerrado,Electrodomésticos;
Analise Kunneke,etc...,1383230,4,Medellín,Oscar,10/29/2024,Cancelado,etc...;
Charmian Gandar,Laptop,1106800,5,Medellín,Karen,06/30/2024,Pendiente,Accesorios;
Esta Ingarfield,Televisor,1436651,5,Medellín,John,12/01/2024,Cerrado,etc...;
Kilian Ruperto,Televisor,2830172,10,Bogotá,John,11/21/2024,Cancelado,Tecnología;
Adriena Labram,etc...,189952,2,etc...,Oscar,03/15/2025,Cerrado,etc...;
Francisca Bratt,etc...,359073,7,Cali,Oscar,09/02/2024,Cerrado,Accesorios;
Janifer Esom,Laptop,2579126,8,Cali,Karen,11/13/2024,Cancelado,Accesorios;
Cordy Rosettini,etc...,918347,8,Cali,Oscar,10/30/2024,Pendiente,Electrodomésticos;
Kristoffer Mayow,Televisor,491907,10,Medellín,Karen,10/31/2024,Cancelado,etc...;
Otho Dagon,Celular,1289156,4,Bogotá,Oscar,07/13/2024,Pendiente,Tecnología;
Felita Lotherington,Televisor,111945,9,Cali,John,02/19/2025,Cerrado,Accesorios;
Harlen Barnsdall,Celular,2737840,2,Cali,Karen,06/28/2024,Cerrado,Electrodomésticos;
Angelico Breit,Celular,2733338,6,etc...,Karen,03/07/2025,Pendiente,Electrodomésticos;
Ingar Brimmell,Celular,1099576,5,Medellín,Karen,07/08/2024,Pendiente,Electrodomésticos;
Magdalena Ebbing,Laptop,2754462,10,Medellín,John,08/16/2024,Cancelado,Tecnología;
Cordy Van der Veldt,Laptop,2798564,5,Medellín,Karen,07/05/2024,Cancelado,Accesorios;
Cherry Willshee,Laptop,2853145,5,Cali,Oscar,11/28/2024,Cancelado,Tecnología;
Karol Daice,Laptop,321372,10,Cali,Oscar,07/06/2024,Cancelado,Accesorios;
Regan Wincott,Celular,268950,2,etc...,John,01/01/2025,Pendiente,Electrodomésticos;
Filbert Sharpe,Laptop,856719,10,etc...,Oscar,02/06/2025,Cancelado,Accesorios;
Sarina Simonel,Televisor,2348315,9,Cali,Oscar,04/13/2025,Cerrado,Accesorios;
Hulda Jenny,Celular,1306091,4,Cali,Karen,07/24/2024,Cancelado,Accesorios;
Avictor Kaesmakers,Celular,2067975,9,Medellín,John,06/02/2024,Cancelado,Electrodomésticos;
Natty Bourton,Laptop,2598672,5,Bogotá,Karen,08/22/2024,Cerrado,etc...;
Joey Gozney,Televisor,2324859,9,etc...,John,06/23/2024,Pendiente,Electrodomésticos;
Becki Shillinglaw,etc...,2207874,3,Bogotá,John,06/11/2024,Cancelado,Tecnología;
Dionysus Lawrance,Celular,1094636,7,Medellín,Oscar,07/18/2024,Pendiente,Electrodomésticos;
Florenza Maitland,Celular,300534,8,Cali,John,08/17/2024,Cerrado,etc...;
Riannon Chesher,Televisor,395560,9,Bogotá,Oscar,11/07/2024,Pendiente,etc...;
Clevie Gouda,Laptop,2706908,7,Cali,Karen,01/06/2025,Pendiente,etc...;
Raleigh Altofts,Laptop,1382792,10,Medellín,Karen,09/13/2024,Pendiente,Electrodomésticos;
Mandie Lowdwell,Celular,1887231,10,etc...,John,06/15/2024,Cerrado,etc...;
Eveline Jarmain,Celular,539507,4,Medellín,Karen,02/20/2025,Pendiente,etc...;
Arther Heimann,etc...,2603309,2,Bogotá,John,11/07/2024,Pendiente,Tecnología;
Gerianna Fellnee,Televisor,779063,4,Bogotá,John,05/17/2024,Cerrado,Accesorios;
Falito Micheau,Televisor,883989,5,etc...,Karen,04/29/2025,Cerrado,Accesorios;
Ham Denne,Televisor,1516146,8,Bogotá,John,10/26/2024,Cerrado,Electrodomésticos;
Casey Lambrick,Televisor,2074814,5,etc...,Karen,08/06/2024,Cancelado,Electrodomésticos;
Liuka Connop,etc...,2669083,7,Bogotá,Karen,02/08/2025,Cancelado,Accesorios;
Chloris Baxstar,Laptop,1643206,2,Cali,John,12/22/2024,Cerrado,Electrodomésticos;
Rowe Gilling,Celular,709426,2,Bogotá,Karen,08/01/2024,Cancelado,Accesorios;
Madelene Sharnock,etc...,692654,6,etc...,Oscar,06/01/2024,Pendiente,Accesorios;
King Gorman,Televisor,2638896,2,Medellín,Oscar,11/30/2024,Pendiente,Tecnología;
Britni Nudd,Televisor,2752895,9,etc...,John,08/22/2024,Pendiente,Electrodomésticos;
Evan Mc Grath,Celular,2962154,9,Medellín,Karen,09/19/2024,Pendiente,Tecnología;
Hadria Gianuzzi,etc...,1823617,9,etc...,Karen,10/23/2024,Cerrado,etc...;
Eleanore Whale,Celular,973801,3,etc...,Oscar,09/05/2024,Cerrado,etc...;
Forrest Million,etc...,687374,10,etc...,John,01/04/2025,Cancelado,Accesorios;
Kelly Milkin,Celular,2114861,7,Bogotá,John,03/20/2025,Cancelado,Accesorios;
Giovanni Tootin,etc...,2712479,5,Medellín,Karen,05/16/2024,Cerrado,Electrodomésticos;
Nanny Coldrick,etc...,2864332,5,Cali,Karen,12/14/2024,Pendiente,Tecnología;
Dode Harrie,etc...,2638264,2,Cali,John,06/08/2024,Cancelado,Tecnología;
Elvina Blackwell,Celular,2133090,6,Medellín,Karen,12/04/2024,Cerrado,Accesorios;
Freddie Dyzart,Celular,354434,7,etc...,Oscar,09/28/2024,Cancelado,Accesorios;
Diandra Hansie,Celular,625052,8,etc...,Oscar,07/20/2024,Cerrado,etc...;
Kevina Creevy,Televisor,1744956,1,Medellín,John,11/19/2024,Pendiente,Accesorios;
Lisle Voss,Laptop,1446688,5,etc...,John,04/25/2025,Cerrado,etc...;
Morgen O'Suaird,etc...,2349194,4,Bogotá,Oscar,09/03/2024,Cancelado,Tecnología;
Nettie Raleston,Laptop,671283,10,Medellín,Karen,12/15/2024,Cerrado,Accesorios;
Drew Yerson,Laptop,1454018,3,Medellín,John,02/02/2025,Cancelado,Accesorios;
Arleyne Gilchriest,Televisor,1287365,6,Bogotá,Oscar,11/12/2024,Cancelado,etc...;
Lucille Klishin,Celular,1285972,10,Bogotá,John,05/12/2024,Pendiente,Electrodomésticos;
Evangelin Belvin,Televisor,2301360,3,etc...,Oscar,03/15/2025,Cerrado,Accesorios;
Glenna Lealle,etc...,1772557,6,etc...,Karen,05/28/2024,Pendiente,Tecnología;
Salaidh Duggary,Celular,2596357,10,Cali,Karen,10/15/2024,Cancelado,Electrodomésticos;
Colin Tomasik,Celular,1605677,5,Bogotá,Karen,03/20/2025,Cerrado,etc...;
Christine Pittwood,Televisor,883934,5,Bogotá,John,04/15/2025,Cerrado,Accesorios;
Darline Kaesmakers,Celular,1427346,3,Medellín,John,01/19/2025,Cancelado,etc...;
Tracie Giampietro,Televisor,1941947,10,Medellín,John,06/13/2024,Cancelado,Electrodomésticos;
Rossy Arnolds,Laptop,1974468,6,Bogotá,Oscar,06/08/2024,Cancelado,Accesorios;
Isacco Annes,Celular,580030,6,Bogotá,Karen,10/16/2024,Cancelado,Accesorios;
Thebault Wisniowski,Laptop,1287812,10,etc...,Karen,09/02/2024,Cerrado,Electrodomésticos;
Robyn Voules,Celular,2520531,6,etc...,Karen,02/14/2025,Pendiente,Electrodomésticos;
Stefania Jagson,Televisor,2573753,5,etc...,John,03/14/2025,Pendiente,etc...;
Donnie Giorgeschi,Televisor,1984110,5,Cali,John,12/04/2024,Cancelado,Tecnología;
Ahmad Dain,etc...,325890,1,Bogotá,Karen,03/21/2025,Pendiente,Accesorios;
Cloe Nickell,Celular,1124708,6,etc...,John,10/03/2024,Cancelado,Electrodomésticos;
Dell Welfare,Laptop,390256,10,etc...,John,11/26/2024,Cerrado,Electrodomésticos;
Bealle Clausewitz,Laptop,299748,1,Medellín,Oscar,10/24/2024,Cerrado,etc...;
Jolee Sopp,Celular,264757,3,Bogotá,Oscar,08/26/2024,Pendiente,Accesorios;
Ev Marcham,etc...,2971735,3,Medellín,John,07/23/2024,Cancelado,Electrodomésticos;
Henderson Fillon,Celular,978873,8,Cali,Karen,04/15/2025,Cancelado,Electrodomésticos;
Tam Ofer,Celular,2503747,9,Cali,Karen,01/15/2025,Cerrado,Tecnología;
Kristofor Funcheon,Televisor,1081541,7,Medellín,Karen,06/30/2024,Pendiente,etc...;
Natassia Nutty,Celular,753311,7,Cali,Karen,12/21/2024,Pendiente,Electrodomésticos;
Byron Upchurch,Celular,2900762,1,Bogotá,Karen,08/26/2024,Pendiente,Accesorios;
Bald Gabbatiss,Laptop,1496844,7,etc...,Oscar,02/12/2025,Cancelado,etc...;
Aleta Mattiuzzi,Laptop,1288721,6,Bogotá,John,01/10/2025,Cancelado,Electrodomésticos;
Jazmin Henke,Televisor,733882,2,Bogotá,Oscar,12/03/2024,Pendiente,Electrodomésticos;
Marjy Scarsbrick,Televisor,1461482,7,Cali,John,09/20/2024,Pendiente,Accesorios;
Merl Pudding,Laptop,2864915,4,Medellín,John,09/22/2024,Pendiente,Tecnología;
Keven McKilroe,etc...,2262245,5,Bogotá,Oscar,07/10/2024,Pendiente,Accesorios;
Tansy Phaup,etc...,2143735,7,Bogotá,Karen,05/08/2024,Pendiente,Tecnología;
Gayelord Berr,Laptop,120892,6,etc...,Karen,02/10/2025,Cerrado,Tecnología;
Lucia Lightwing,Televisor,220839,4,Cali,Karen,06/11/2024,Pendiente,Accesorios;
Laurette Du Barry,Televisor,2162817,5,Medellín,John,02/06/2025,Cerrado,Electrodomésticos;
Sammie Sommers,Laptop,2634848,4,etc...,Oscar,11/26/2024,Pendiente,Accesorios;
Otho Patrono,etc...,129216,4,Bogotá,Oscar,05/17/2024,Pendiente,etc...;
Sashenka Vickers,Laptop,1496500,2,Bogotá,Karen,10/15/2024,Cancelado,etc...;
Brod Jeaffreson,Laptop,916738,5,Cali,Oscar,04/22/2025,Cancelado,etc...;
Zeb Callum,Laptop,1719749,3,etc...,Oscar,05/18/2024,Cerrado,Tecnología;
Nyssa Creamer,Laptop,270165,7,Bogotá,Karen,07/16/2024,Cancelado,Accesorios;
Hershel Pley,Televisor,2816549,5,etc...,Oscar,07/08/2024,Pendiente,Tecnología;
Ailyn Hirsthouse,Laptop,1215757,9,etc...,John,12/14/2024,Pendiente,Tecnología;
Jimmie Toffalo,Celular,1500841,7,etc...,Oscar,08/25/2024,Pendiente,Electrodomésticos;
Murial Pedler,Celular,469182,4,Cali,Karen,10/06/2024,Cancelado,etc...;
Ronnie Dacres,Televisor,321537,6,Cali,Oscar,01/11/2025,Cerrado,Tecnología;
Arliene Yendle,Televisor,291099,2,Medellín,Karen,02/13/2025,Cerrado,Electrodomésticos;
Dodi Ryland,Televisor,1062203,8,etc...,Oscar,02/07/2025,Cancelado,Electrodomésticos;
Judas Arnaudet,etc...,1586782,4,etc...,Karen,10/12/2024,Cancelado,Electrodomésticos;
Trudy Cavalier,Televisor,781174,10,Bogotá,Oscar,06/05/2024,Cerrado,Electrodomésticos;
Braden Briddock,Celular,1615730,10,etc...,John,07/07/2024,Pendiente,etc...;
Claire Whicher,Televisor,275999,3,Bogotá,John,08/03/2024,Cerrado,Tecnología;
Geoffry Kemsley,etc...,549054,7,Medellín,Karen,01/11/2025,Cancelado,etc...;
Bobette Muspratt,Laptop,952109,9,Cali,Karen,10/17/2024,Pendiente,Tecnología;
Annabell Tremlett,Televisor,404852,4,Medellín,Karen,04/15/2025,Pendiente,etc...;
Walsh Epsly,Televisor,593794,3,Cali,John,06/03/2024,Cancelado,Electrodomésticos;
Korrie Lacroux,Celular,2682456,4,Cali,Karen,11/08/2024,Pendiente,Tecnología;
Malchy Brittin,Televisor,1414868,9,Cali,John,09/07/2024,Cancelado,Accesorios;
Caril Matthiae,Televisor,1166096,7,Medellín,Oscar,10/13/2024,Cancelado,Tecnología;
Murray Wipper,etc...,1843094,2,Cali,Karen,06/26/2024,Cerrado,Electrodomésticos;
Basile Drioli,Laptop,246777,4,Bogotá,John,04/29/2025,Cerrado,Electrodomésticos;
Robbyn Luto,etc...,961571,2,Medellín,Oscar,03/21/2025,Cancelado,Accesorios;
Biddie McGuirk,Laptop,2561901,9,Bogotá,Oscar,01/28/2025,Pendiente,Tecnología;
Doroteya Janovsky,Laptop,194254,3,Cali,Oscar,10/12/2024,Pendiente,Accesorios;
Cassius Riccardi,etc...,1105646,1,Cali,John,11/18/2024,Cancelado,Electrodomésticos;
Anastasia D'Avaux,Laptop,307273,5,Cali,John,11/20/2024,Pendiente,Accesorios;
Norby Ricold,etc...,1949284,10,etc...,Oscar,09/13/2024,Cerrado,etc...;
Danya Lasty,etc...,290422,3,Medellín,John,12/23/2024,Cerrado,Accesorios;
Durant Easterling,Celular,2660825,1,Medellín,Oscar,03/15/2025,Cancelado,Electrodomésticos;
Kiley Keilty,Celular,875157,6,etc...,John,08/31/2024,Pendiente,etc...;
Cortney Caskie,Celular,395002,8,etc...,John,01/29/2025,Pendiente,Electrodomésticos;
Lannie Hynde,Celular,2360046,5,Medellín,John,10/10/2024,Cancelado,Tecnología;
Whitney Rawstron,etc...,2070341,10,Bogotá,John,03/29/2025,Cerrado,Accesorios;
Eleanora Snalham,Laptop,2333570,6,etc...,Oscar,02/14/2025,Pendiente,Tecnología;
Sande MacConnel,etc...,635775,2,Cali,John,09/13/2024,Cancelado,Electrodomésticos;
Jim Kilroy,Televisor,2466676,3,Cali,Karen,03/22/2025,Cancelado,Accesorios;
Jo Burrus,Laptop,2851262,5,Bogotá,Oscar,03/13/2025,Cancelado,Electrodomésticos;
Ole Bambrick,etc...,1726505,9,Bogotá,John,10/31/2024,Pendiente,Tecnología;
Myles Craghead,etc...,1907047,9,etc...,Oscar,06/14/2024,Cerrado,Tecnología;
Violet Oulet,etc...,1036455,1,etc...,John,11/20/2024,Cerrado,Electrodomésticos;
Percy Phaup,etc...,817541,10,Cali,Oscar,12/11/2024,Cerrado,Tecnología;
Elora Stonebridge,Laptop,2686432,4,Bogotá,Karen,07/31/2024,Cancelado,Tecnología;
Kris Suttle,Celular,2266667,7,Medellín,Oscar,05/07/2025,Pendiente,Tecnología;
Fabio Rainon,Televisor,2549535,6,Bogotá,John,12/21/2024,Cerrado,Tecnología;
Alys Donke,Celular,112795,7,etc...,Oscar,03/21/2025,Cancelado,etc...;
Guy Skipping,Celular,697341,7,etc...,Oscar,08/16/2024,Pendiente,Electrodomésticos;
Hephzibah Moffatt,Celular,311627,2,etc...,Karen,08/28/2024,Pendiente,Accesorios;
Salmon Smales,Televisor,285831,6,Bogotá,Oscar,08/10/2024,Cerrado,etc...;
Baird Follos,Televisor,2231784,6,Cali,Oscar,01/25/2025,Cancelado,etc...;
Maible Kaye,Televisor,1533476,1,Medellín,John,03/15/2025,Cancelado,Tecnología;
Caz Klimowicz,etc...,2121311,4,etc...,Karen,07/06/2024,Cerrado,Tecnología;
Lynn Chasteney,Laptop,2225001,9,etc...,Oscar,11/20/2024,Cancelado,Accesorios;
Maximilianus Nafziger,etc...,556199,1,Medellín,Oscar,03/10/2025,Cancelado,Electrodomésticos;
Steffie Greaves,Laptop,516353,7,Medellín,John,06/26/2024,Cerrado,Electrodomésticos;
Matthew Chaffin,Celular,2021235,7,etc...,Oscar,03/09/2025,Cerrado,Accesorios;
Bronson Crippin,etc...,2415122,9,etc...,Karen,07/31/2024,Pendiente,etc...;
Toiboid McCay,etc...,1103928,6,etc...,John,10/30/2024,Pendiente,Tecnología;
Amii Tetther,etc...,491990,7,Bogotá,John,07/23/2024,Cerrado,Tecnología;
Penny Peyro,etc...,932167,2,Medellín,Karen,06/04/2024,Pendiente,etc...;
Malorie Lias,Celular,1708399,2,Bogotá,Karen,04/29/2025,Cancelado,Electrodomésticos;
Zacharie Mudge,etc...,1472254,7,etc...,Karen,09/22/2024,Cerrado,Tecnología;
Eddi Ulyat,Televisor,1601991,4,Cali,John,06/17/2024,Pendiente,Accesorios;
Wally Biggs,Laptop,1429299,1,Medellín,John,07/17/2024,Pendiente,Electrodomésticos;
Zolly Lachaize,Laptop,1284231,6,etc...,Oscar,09/09/2024,Cancelado,Accesorios;
Carma Croston,Laptop,2950872,3,Medellín,John,01/23/2025,Cancelado,Accesorios;
Fallon Stolting,Laptop,1936014,3,Medellín,Karen,10/11/2024,Cerrado,Accesorios;
Evelin Pllu,etc...,2467896,10,etc...,Karen,07/28/2024,Pendiente,Accesorios;
Minnie Eles,Televisor,1581575,9,etc...,Oscar,04/02/2025,Cerrado,Electrodomésticos;
Lilli Ashelford,Celular,2518606,2,etc...,Oscar,04/03/2025,Cancelado,Accesorios;
Erik Deaves,Laptop,2102055,6,Cali,Oscar,02/01/2025,Pendiente,Accesorios;
Leola Kubiczek,etc...,1359270,2,Cali,Karen,07/18/2024,Cerrado,etc...;
Jenn Giocannoni,Celular,2737228,1,etc...,Karen,06/13/2024,Pendiente,Accesorios;
Gusta Marmyon,etc...,1033523,1,Cali,John,12/30/2024,Pendiente,etc...;
Bunni Tomson,Celular,1090659,5,Bogotá,Karen,04/13/2025,Cerrado,Accesorios;
Bernete Doveston,etc...,1511679,7,Bogotá,Oscar,07/15/2024,Cerrado,Accesorios;
Rowena Wauchope,Celular,2060334,3,Bogotá,John,05/09/2025,Cancelado,etc...;
Leroy Waything,Celular,2523643,5,Medellín,Oscar,06/13/2024,Cancelado,Accesorios;
Aleksandr Stollen,Televisor,639174,3,Medellín,John,06/15/2024,Cancelado,Accesorios;
Hollyanne Davidge,etc...,2411276,4,Medellín,John,02/28/2025,Cerrado,Electrodomésticos;
Dyna Mewitt,Celular,764238,3,Medellín,Oscar,06/15/2024,Cancelado,Tecnología;
Regina Fanstone,Laptop,2898284,2,Bogotá,Oscar,01/14/2025,Cerrado,Accesorios;
Natassia McFetridge,Televisor,2670045,9,Cali,John,07/19/2024,Pendiente,Tecnología;
Rowan Hampson,Celular,614760,9,etc...,John,02/21/2025,Pendiente,etc...;
Barbette Berkelay,etc...,1341310,8,Bogotá,Oscar,05/23/2024,Cerrado,Electrodomésticos;
Alonso Derges,Televisor,874792,1,Bogotá,Oscar,03/01/2025,Cerrado,Electrodomésticos;
Ardith MacKimmie,etc...,1946055,2,Medellín,Oscar,06/10/2024,Cerrado,Accesorios;
Arlinda Swanwick,etc...,2054306,1,Cali,John,11/19/2024,Cancelado,Electrodomésticos;
Gallard Dosdell,Laptop,1123121,8,etc...,Oscar,10/21/2024,Cancelado,Electrodomésticos;
Alexei Hallitt,Celular,114962,5,Cali,Oscar,01/01/2025,Pendiente,Tecnología;
Onofredo Spaduzza,Celular,981294,3,Cali,Karen,08/17/2024,Cancelado,Tecnología;
Eddi Hildrew,Laptop,2899086,7,Cali,Karen,10/25/2024,Cerrado,Electrodomésticos;
Heinrik Fagence,Laptop,828446,5,Medellín,Oscar,09/04/2024,Pendiente,Electrodomésticos;
Isaac Horlick,Televisor,854176,5,Cali,Karen,04/27/2025,Pendiente,Accesorios;
Brand Bento,Celular,1898269,1,Bogotá,John,08/24/2024,Pendiente,etc...;
Noland Mimmack,Celular,1038801,10,Medellín,Karen,06/13/2024,Pendiente,etc...;
Olivier Humpage,Laptop,519277,8,Cali,Karen,04/11/2025,Cerrado,Accesorios;
Penelope Pounds,Celular,1053191,3,Cali,Karen,05/14/2024,Cerrado,Electrodomésticos;
Greggory Lindblad,Televisor,436159,9,Bogotá,John,12/19/2024,Cancelado,Electrodomésticos;
Grannie Piotr,Televisor,2607836,9,etc...,Oscar,10/15/2024,Cerrado,etc...;
Della Grafom,Laptop,2811913,8,etc...,Oscar,09/21/2024,Pendiente,etc...;
Gerrard Wonfar,Laptop,2362596,4,etc...,Oscar,03/11/2025,Cerrado,Tecnología;
Tildi Chelnam,Televisor,1107074,2,Medellín,John,08/30/2024,Cerrado,Electrodomésticos;
